post ID,subreddit name,title,body/self-text,author,creation timestamp,score/upvotes,number of comments,URL/permalink
t3_1un0cf0,Smartphones,Is Google pixel 7a still relevant ?,"Guys , I am contemplating buying the Google pixel 7a.

Is it still relevant in July 2026. Or should I buy newer models from samsung etc.

I use phone for photography, reading, whatsapp , YouTube and Kindle. No gaming etc. ",Relevant_Sir_4943,2026-07-04 05:17:37,3,2,https://reddit.com/r/Smartphones/comments/1un0cf0/is_google_pixel_7a_still_relevant/
t3_1pmuiya,Smartphones,New Rules / Meta Discussion,"I've decided to do a rehaul of the rules. I want things to be clear and concise. Please let me know if there's anything I'm missing or if there's anything I should change.

_____

* **Smartphones**

Posts must be about smartphones.

* **Behavior**

Posts and comments must not be used to harass, attack, threaten, harm, or discriminate against people, or to instruct or encourage others to do so.

* **Content**

Posts and comments must not contain or discuss prohibited content or link tosuch content, including spam, AI-generated content, illegal activity, bypassing security safety or security measures, rule violations, or anything that could harm users or their devices. You also may not buy or sell things on this sub.

_____

* **Moderation**

Moderator Announcements are exempt from the""Smartphones"" section of the rules. Moderators may use discretion when enforcing rules, but are not to grant exceptions to users in normal scenarios. Questions or concerns can be directed to the moderators via ""Message the Mods"". Rules are subject to change.",Fatalstryke,2025-12-15 01:12:20,6,58,https://reddit.com/r/Smartphones/comments/1pmuiya/new_rules_meta_discussion/
t3_1un3c87,Smartphones,Looking for a good budget phone,"Hi folks. I'm poor IRL & I've had Xiaomi Redmi Note 8 for 6 years now, the last few years its performance has been really bad with a myriad of bugs, so I'm looking for a new phone. I can only afford budget phones, but this time I'm staying far away from Xiaomi. I need suggestions. 

For reference, I use normal stuff & social media a lot, but I almost never use heavy stuff like gaming or watching/streaming videos on high qualities, etc. 

I have my eye on Samsung A17 4G (128gb + 6gb Ram). Not many user reviews about it out there, some say it's decent, some say it's meh. I would go for the 5G version of A17 which is a bit more powerful but it's not available here. & I don't think I can afford the  256gb + 8gb Ram version, plus I really have no need for more than 128gb of storage. 

I also looked at A16 5G (128gb + 6gb Ram), that looks fine too, just slightly weaker than A17 & missing a few little features. 

A17 comes with One UI 7.0 which I've read was pretty bad...  Is 6gb if Ram enough for regular, not heavy use on One UI 7 (or higher versions if I update it)?   Does it handle well running 2 apps at the same time?   If not, how is A16?   or any other suggestions with low prices? ",Stuffed_Owl,2026-07-04 08:08:32,2,2,https://reddit.com/r/Smartphones/comments/1un3c87/looking_for_a_good_budget_phone/
t3_1un3pje,Smartphones,Best smartphone for my 50yo mom? her Xiaomi just died and i wanna surprise her in 2 days,"Hey guys, my moms old Xiaomi finally gave up after like 4 years (not surprised at all) and i'm trying to get her something decent quick. I'm meeting her at an restaurant in 2 days and wanna hand her a new phone as a surprise, she has no idea. She's 50, doesn't care about brands at all,just wants something easy to use that doesn't lag and has a really good camera because she loves taking pictures (family stuff, grandkids, trips, all that). Battery life matters too since she's not always charging during the day. Budget around 600-900 AUD i guess, nothing crazy.

Anyone got recommendations for what 50+ folks actually enjoy? like is there a sweet spot model right now that's reliable, simple interface and takes nice clear photos without needing to fiddle with settings? Thanks in advance, really wanna nail this surprise :)",prattman333,2026-07-04 08:31:10,2,0,https://reddit.com/r/Smartphones/comments/1un3pje/best_smartphone_for_my_50yo_mom_her_xiaomi_just/
t3_1un03u7,Smartphones,Suggest a good phone,"I planned on getting samsung s25 ultra.

But it's nearly 1lakh for 512gb. I'm exploring for similar features with 512gb storage.

Iqoo 15 apex, s24 or s25+ are my other options. Please suggest agood one with good camera, long battery life, durable, and fast.",Technical_Gur_6162,2026-07-04 05:04:52,3,7,https://reddit.com/r/Smartphones/comments/1un03u7/suggest_a_good_phone/
t3_1un07j5,Smartphones,what’s a reliable midrange smartphone that doesn’t turn into lag city after a yearor two?,"I’m not trying to buy a flagship, just something solid in the midrange that won’t start struggling after a year. my main use is social media, youtube, messaging, and some camera use. i don’t game or do anything heavy. what annoys me is when phones feel good at first then slowly startgetting worse over time. is there any brand or model right now that actually holds up decently long term without slowing down or getting annoying with updates?",LorrainianHristova,2026-07-04 05:10:28,7,9,https://reddit.com/r/Smartphones/comments/1un07j5/whats_a_reliable_midrange_smartphone_that_doesnt/
t3_1un2puc,Smartphones,S25U or S26U,"What would be acceptable price difference to go for the s26u instead of s25u? Let's say the price difference is 200€, which one would you go for? (Note: I'm currently on a71, so both are huge upgrades nevertheless)",_Relox,2026-07-04 07:31:50,2,3,https://reddit.com/r/Smartphones/comments/1un2puc/s25u_or_s26u/
t3_1un1me6,Smartphones,What phone should I buy and when?,"I wanted to buy either samsung 25 ultra, iphone 17, oneplus 13, or vivo x300. 

When is the best time to buy these phones. Most probably if I can get it below 80k INR I'll buy Samsung, or else I'll settle on iphone. But I want to know how these other phones are. I like vivo but they don't give much offer and x300 at 85k is I think a bit too much.

Rn in the prime sale s25 u is going at 85k.. should I buy that or wait for the great indian sale. Would it even reduce further?

Btw my priorities in a phone are 

1. Software 

2. Camera 

3. Easy file control and data transfer 

4. Battery

I do not game at all, so performance is not a concern.

Or should I downgrade from ultra to plus, just because I don't have much use of the big processor.

Please reply soon as the sale is only for 2 days

Iphone is at 74k

Samsung s25U at 85k

OP13 at 50k(nice dam deal but I have doubts about camera processing, video quality and the bumpy software ride)

X300(not available easily😭 but it's minimum 82k)

S25+ 66k",fish_n_chips_XD,2026-07-04 06:28:36,2,4,https://reddit.com/r/Smartphones/comments/1un1me6/what_phone_should_i_buy_and_when/
t3_1un350c,Smartphones,Nothing 3a wala phone how is it,so I was finding a phone 20-25krange mai maine requirements hai ki camera quality Boht achi ho cinematics pics reels wagera Boht achi quality ho zoom wgera acha ho aur storage ho lag na kre phone nf Battery long lasting chale  toh chat gpt ne ye suggest Kiya so is it worth It kisi ke pas koi alag option ho toh btana ,Dry_Wheel849,2026-07-04 07:56:46,2,1,https://reddit.com/r/Smartphones/comments/1un350c/nothing_3a_wala_phone_how_is_it/
t3_1un3wno,Smartphones,Smaller hopefully,"I've had a Redmi 15C for 9 months, got it on my birthday...

It's pretty fast. My issues are, however:

The screen is too big. I barely have trousers (even in mens pants!) that can fit it  without me struggling to crouch since I feel it in my hipbone. It's quite heavy and just...a big one. -I have female hands

Camera is not the best. I would expectit to be, but honestly if I'm taking a picture of something for example orange, something colourful, it the whole photo is tinted that colour at one point,making taking the photos difficult. Also, no panorama or PRO mode which I miss.

I don't have a specific price range, but probably on the cheaper end.

Also, do i even need a new one?

Thanks",iamthewhitequeen,2026-07-04 08:43:24,1,0,https://reddit.com/r/Smartphones/comments/1un3wno/smaller_hopefully/
t3_1un32cb,Smartphones,iPhone 17 or upgrade to Nothing Phone 3 for just ₹25k? Need advice.,"I'm in a bit of a dilemma.

I currently have a Nothing Phone(3a), and my original plan was to switch to the iPhone 17. During sales, I was expecting to get it for around ₹60k, which felt like a reasonable upgrade.

But today I checked Amazon, and with the exchange offer, I can get the flagship Nothing Phone 3 for just ₹25k with exchange.

Now I'm confused. ₹25k for a flagship phone feels like an absolute steal, and it's making me rethink whether spending more than double on the iPhone 17 is actually worth it.

For those who've used both Nothing and iPhones, what would you do in my situation?

Would love to hear your opinions.",Equivalent_Catch70,2026-07-04 07:52:23,2,11,https://reddit.com/r/Smartphones/comments/1un32cb/iphone_17_or_upgrade_to_nothing_phone_3_for_just/
t3_1umux5a,Smartphones,"Coming from an S21 Ultra with limited options, what's best?","Gota trip coming up soon and I'm past due for an upgrade, but I have a few things I'd like out of the device as well as a few restraints

- First, I'm on anNA AT&T family plan so I'm rather locked into that carrier

- This leaves me with the following options: apple, Samsung, google, and OnePlus purchased third party and added to the plan

- The size of the s21U is getting a bit much, my pinky has been battered over the years, though I'm not sure how much I can really compromise here considering my other requests

- It would be nice to have a device with good battery life for a change

- I'd like a good enough camera, I've seen some pics online and the s26 series image processing seems to favor this strange green/warm tint, sometimes coming across as yellowish at night, not a fan of that at all

- I've never used iOS and have always loved the freedom android devices offer, so those are mostly ruled out barring some damn good convincing

- I do 0 mobile gaming or what could be considered intensive tasks, so I'm not too sure how much I'd actually feel the Google processor lacking

My research has naturally led me to looking into a OnePlus 15T/15, S25/S25+, or S26/S26+ but I'd like some thoughts first. Google not mentioned because it appears to have worse battery life than even Samsung. If anyone has some thoughts or comments I'd love to hear them, thanks!",WhatAmIDoing229,2026-07-04 00:42:14,3,10,https://reddit.com/r/Smartphones/comments/1umux5a/coming_from_an_s21_ultra_with_limited_options/
t3_1ums0sg,Smartphones,Enjoying my midrange phone more.,Hi guys I am starting to get off the flagship phone hype. I realized for my needs I don't notice a difference. In fact I am enjoying the midrange more. For example I got a Motorola g power. Not only does it have a higher capacity in battery but midrange phones have better battery life anyhow to. ,Heavenly_Princesa143,2026-07-03 22:25:57,5,5,https://reddit.com/r/Smartphones/comments/1ums0sg/enjoying_my_midrange_phone_more/
t3_1umzaaz,Smartphones,Which is better: Google pixel 9a ( or 10a) vs Xiaomi 15t,Which is better buy? If my priorities are battery life and camera quality. Which phone would you recommend and why?,ILoveTriinu,2026-07-04 04:20:48,2,3,https://reddit.com/r/Smartphones/comments/1umzaaz/which_is_better_google_pixel_9a_or_10a_vs_xiaomi/
t3_1un2daf,Smartphones,Buying A China Phone,"Which of this phones good for triple a games

Iqoo neo 11 

One plus ace 6 

Redmi k90 max ( using the Dimensity 9500 )

Redmi k90 ultra ( using the Snapdragon 8 elite )

",No-Cartoonist4958,2026-07-04 07:11:18,1,0,https://reddit.com/r/Smartphones/comments/1un2daf/buying_a_china_phone/
t3_1umzbww,Smartphones,Suggestions!,"I’m looking for a new to me phone. I’ve had iPhones since conception! First things first, I do zero gaming and happy with a decent camera! I’m trying to keep it under 400-500 if possible! Please give me your thoughts and suggestions on the best bang for my buck! If iPhone is the move then that’s cool! I just want to hear about any other brands that are popularfor a reason. Thanks for any feedback!!!",Difficult_Let_4379,2026-07-04 04:23:08,2,4,https://reddit.com/r/Smartphones/comments/1umzbww/suggestions/
t3_1un1q8d,Smartphones,CMF 2 PRO vs NORD CE6 LITE vs IQOO Z11X vs REDMI 15,"help me choose one please  
main needs :  no green line issue > doesn't lag( will do normal work like upi wp yt and all) > go 4+yr without lag or issue ( ik now it sounds too much but i hv devices which are working w/o any issue from more than 7+ yrs : realme and redmi devices) > battery life ",LongjumpingWinter836,2026-07-04 06:34:42,0,0,https://reddit.com/r/Smartphones/comments/1un1q8d/cmf_2_pro_vs_nord_ce6_lite_vs_iqoo_z11x_vs_redmi/
t3_1un1k0x,Smartphones,(JP) Weird Used Phones under 80k,"Hey! I'm in Japan for the nextfew weeks and I'm looking to buy a (weird) used phone under 80k JPY. I'm not really sure where to start since it's been a while since I last shopped for a phone, but I have some general ideas of what I want.

1. Comfortable all day battery

2. Raw image capabilities (native camera app or through 3rd party)

3. (Optional but nice to have) Blackmagic camera support (or any other camera app that shoots raw video)

4. The weird part - anything that makes thisphone unique (eg. My current phone has a popup camera, or a 1in sensor, or comparability with external lenses etc.)

I also don't know where I should be buying these phones, I just know they need to be used and unlocked (for use in the UK and Asia).
Not too concerned about a headphone jack unless the phone has a nice internal DAC (another nice to have but I don't care a whole lot), otherwise I'll use an external one.",Realtotallymereturns,2026-07-04 06:24:51,0,5,https://reddit.com/r/Smartphones/comments/1un1k0x/jp_weird_used_phones_under_80k/
t3_1umxys1,Smartphones,Longtime iPhone user thinking about switching to Verizon + Pixel 10 Pro/Pro XL. Talk me into it (or out of it).,"I’ve been an iPhone user for years and currently have an \*\*iPhone 14 Pro Max\*\*. Lately I’ve been thinking about switching to \*\*Verizon\*\* (it’s significantly better than AT&T and T-Mobile where I live) and picking up either the \*\*Google Pixel 10 Pro\*\* or \*\*Pixel 10 Pro XL\*\*.

The only Apple products I still use are:    
Apple Watch Series    
iPad 10th Generation

I don’t own a Mac or any other Apple devices, so I’m wondering if leaving the Apple ecosystem is really as big of a deal as people make it out to be.

Some questions I have:

Has anyone switched from an iPhone 14 Pro/Pro Max to a Pixel 10 Pro or Pro XL? Any regrets?

What do you genuinely miss about iPhone after switching?

What surprised you the most about Pixel?

How difficult was it to move everything over (photos, contacts, passwords, messages, etc.)?

Is Google Photos actually better than Apple’s Photos app?

How is the battery life in real-world use compared to an iPhone?

Is the fingerprint scanner reliable, or do you mostly use Face Unlock?

How smooth and bug-free has Android 16 been?

How good is call screening and spam protection? I’ve heard Pixel is excellent for this.

Do you think the cameras are actually better than the iPhone, especially for point-and-shoot photos?

Is the Pixel AI/Gemini stuff something you actually use, or is it mostly a gimmick?

Are there any apps or features that don’t work as well on Android?

If you also have an iPad, was it annoying using both Android and iPad together?

Is there anything I’ll lose by leaving the Apple ecosystem besides iMessage and Apple Watch integration?

If you were buying today, would you choose the Pixel 10 Pro or spend the extra money for the Pro XL?

A little about me:    
I use my phone for Reddit, YouTube, GPS, web browsing, gaming, taking lots of pictures, and everyday use.

I don’t really care about iMessage since most people I know use multiple messaging apps anyway. Battery life, camera quality, signal strength, and overall reliability are the biggest things I’m looking for.

I’d love to hear from people who have actually made the switch, especially anyone who has gone from iPhone to Pixel recently. What would you do if you were in my shoes?",Thick_Ad_9124,2026-07-04 03:11:58,2,1,https://reddit.com/r/Smartphones/comments/1umxys1/longtime_iphone_user_thinking_about_switching_to/
t3_1umsotj,Smartphones,Are there any phones without ai ?,"Hi. I was considering gettinga Nothing phone until I’d heard it also has ai, so much for nothing, but are there any phones without it? I don’t care if it’s from a small company, I’d just like a phone without it. Please be respectful and I know many phones have the feature to turn it off but I don’t feel comfortable supporting them in the first place.",Finite_Ego,2026-07-03 22:56:00,3,24,https://reddit.com/r/Smartphones/comments/1umsotj/are_there_any_phones_without_ai/
t3_1umznph,Smartphones,Is TradingShenzhen safe?,"Hello,

So I'm looking to buy an iQOO 15U from from this site, since its safest site I found to order this exact phone

But, since I'm a teenager, my parents are going to buy it, but they dont trust this site at all, no matter how much I explain it to them, saying that ""what if the package doesnt arrive"" or thinking its a online shopping siteas every other uknown sites. They asked a friend who is from China and he tells my parents that he doesnt trust the site, but I just know that he didnt even research about it.

So if anyone of you that is able to convince them, or give reasonings to why and how it is completly safe, I will really appreciate it.",Scared-Department629,2026-07-04 04:40:34,1,0,https://reddit.com/r/Smartphones/comments/1umznph/is_tradingshenzhen_safe/
t3_1umzmid,Smartphones,Advise,Phone ONE PLUS N6 IS GOOD REVIEWS ,Familiar_Dot2124,2026-07-04 04:38:47,0,0,https://reddit.com/r/Smartphones/comments/1umzmid/advise/
t3_1umzl72,Smartphones,Help me find a phone.,So I am starting college this year and I want to buy a phone. I mainly want 2 things like a nice and decent camera and I play bgmi once in a blue moon but I want like good gaming fps like 90-120. Around 30k,Traditional-Dirt2066,2026-07-04 04:36:49,1,0,https://reddit.com/r/Smartphones/comments/1umzl72/help_me_find_a_phone/
t3_1umyxg4,Smartphones,"should i buy nothing 3a or 4b? ik people gonna say 3a but its out of stock online AND offline i have checked stores near me. so if i dont get 3a, is 4b be worth to get?",,Eastern-Investment88,2026-07-04 04:02:08,1,0,https://reddit.com/r/Smartphones/comments/1umyxg4/should_i_buy_nothing_3a_or_4b_ik_people_gonna_say/
t3_1ums0oi,Smartphones,Some advices 🙏,"Guys, I had recently decided to buy the S24 Ultra, but these days I've changed my mind and I'm leaning more toward an iPhone, specifically the iPhone 15 Pro Max, because its price is very close to the S24 Ultra in my country.

I have a few questions for people who use this phone, or even the 14 Pro Max or other recent iPhones. Is the experience really worth it? Have you actually faced the issues that people often talk about, such as overheating, battery life, overall performance, or camera problems?

One of the reasons I'm considering the iPhone is that it holds its value much better over time. I also like the premium build quality, the feeling you get when using it, and the smoothness of iOS. However, I'm still unsure about the rest.

I'd really appreciate your advice and honest experiences. Thanks!",snyyyx,2026-07-03 22:25:48,1,7,https://reddit.com/r/Smartphones/comments/1ums0oi/some_advices/
t3_1umm7os,Smartphones,OnePlus 15 vs Galaxy S26 Ultra?,"Same price. I honestly can't choose. I love the fluidity of OnePlus and its a nice overall phone, battery must be nice... But Samsung packs sick camera and much better overall package. The only reason why Im not 100% is because the screen felt a bit weird, though I can just sell it for good price if it will not work well for me.

I am annoyed by all the changes at OnePlus, and worry that even if support continoues well, I will not get a premium experience.",Successful-Soup-274,2026-07-03 18:28:29,5,9,https://reddit.com/r/Smartphones/comments/1umm7os/oneplus_15_vs_galaxy_s26_ultra/
t3_1umn25v,Smartphones,best bang-for-buck in the $600-$800 CAD range?,"ive looked at the xiaomi 17t, xiaomi 15, vivo x300, oneplus 15 chinese version, iphone 14 pro max/15 pro, etc and i still can't decide.",underazureskiess,2026-07-03 19:01:34,3,8,https://reddit.com/r/Smartphones/comments/1umn25v/best_bangforbuck_in_the_600800_cad_range/
t3_1umd05w,Smartphones,Iphone 18 pro max vs S26 Ultra vs Oppo find x9 Ultra,"I'm looking to purchase my next phone, my requirements are min 5 year software support and update, good battery line as well as decent camera. Currently I'm using a xiaomi phone which surprisingly lasted almost 5 years despite the low cost. 

Which should I go for?",CDCVOUCHERHUATAH,2026-07-03 12:21:57,16,22,https://reddit.com/r/Smartphones/comments/1umd05w/iphone_18_pro_max_vs_s26_ultra_vs_oppo_find_x9/
t3_1umx32r,Smartphones,Thinking of one plus 15r,"Hi guys currently owning one plus 10 pro and thinking of upgrading to one plus 15r 16 gb as my priority is performance battery display  and camera is not so much a priority.

Sale has too started on Amazon 

Thanks ",ankgol,2026-07-04 02:27:41,1,1,https://reddit.com/r/Smartphones/comments/1umx32r/thinking_of_one_plus_15r/
t3_1umv9s0,Smartphones,"AT&T Motivate 2, 32GB, Maritime Blue - 4G LTE Prepaid Smartphone - Carrier Locked to AT&T With android 11 can it be upgraded to a new version of android","Hi,

I was thinking about getting this:

# AT&T Motivate 2, 32GB, Maritime Blue - 4G LTE Prepaid Smartphone - Carrier Locked to AT&T

  
It has android 11, will I be able to up the android version to 15, 14 or something with updated security?",Eternalwhether,2026-07-04 00:59:15,1,2,https://reddit.com/r/Smartphones/comments/1umv9s0/att_motivate_2_32gb_maritime_blue_4g_lte_prepaid/
t3_1umubny,Smartphones,iOS and System Data taking almost 40GB of Storage?!,"I got an IPhone 16 pro 128Gb about a year ago but upgraded from a iPhone 12 64gb. I pay for the 200Gb of ICloud storage. It seems I maxed out that and now my storage?!I was looking at my storage and nearly 40Gb is iOS and System Data wth?? Is there something I am missing how come stuff \*\*I believe\*\* I can’t control can take up around 30% of my storage. I don’t want to cough up money to get a phone with more memory, but it is ass that my camera stops recording mid video. What would you recommend upgrade to the iCloud? Would more iCloud storage even solve my issue? Should I trade my phone in? ",MathematicianSea9446,2026-07-04 00:12:01,0,2,https://reddit.com/r/Smartphones/comments/1umubny/ios_and_system_data_taking_almost_40gb_of_storage/
t3_1umegbm,Smartphones,Samsung S26 or Iphone 17 for cameras?,"I currently have Samsung A52 and the camera is awful compared to my friends Iphones (15 /16).

  
I feel like Samsung is better on paper, but the Iphone processing looks better",Eastern-Owl-4511,2026-07-03 13:26:18,7,41,https://reddit.com/r/Smartphones/comments/1umegbm/samsung_s26_or_iphone_17_for_cameras/
t3_1umtvka,Smartphones,Phone saying I have photos from different years,"Why is it that sometimes when I save photos or screenshot them they don’t appear in my camera roll but if I go all the way up to the start of my camera roll they are thereand they say that I screenshotted or saved them in like 2022 or 2010 or any other year, for example: the other day I saved a photo of the Beatles off Google and when I went into my camera roll i didnt see it there and then thats when my camera roll automatically scrolled all the way back up to the top of my camera roll and I seen the photo there and it said I saved it on the 26th July 2010, I didn’t have the phone I have now then well the phone I have now wasnt even out yet back then and I was 4 years old in 2010! I have an iPhone 11 and I got it on Christmas 2023. And even a Samsung tablet I have has done the same thing too it said that I have photos from the 80s and the 90s. Im just wondering if anyone else has this issue and why it happens  ",DeliciousJaguar3542,2026-07-03 23:50:52,1,0,https://reddit.com/r/Smartphones/comments/1umtvka/phone_saying_i_have_photos_from_different_years/
t3_1umttsv,Smartphones,updating phones let me know which one should i get☺️,"heyy guys im updating my phone only reason being it fell on the ground and like my screen is now glitching lol🧍🏻‍♀️  
i have and iphone14 pro and like i could get the latest one but idkk is it like reslly worth it  
i was thinking ill get the new phone like a refurbished one  
i use phone for like basic photos and stuff and keep in mind i dont mind my current phones result   
my options are  
15promax $665  
16 pro $806  
16promax $892  
iphone 17 $757  
iphone 17pro $1068  
iphone 17pro $1150

like just keep in mind i dont really want to spend like 1000 on a phone😭 but its still on the list if its really really worth it",manifestwithmallow,2026-07-03 23:48:27,0,4,https://reddit.com/r/Smartphones/comments/1umttsv/updating_phones_let_me_know_which_one_should_i_get/
t3_1umtjor,Smartphones,Do you think switching from HyperOS to ONE UI is a good idea?,"I've been using Xiaomi phones with miui and recently with hyperos for about 6 years now but I'm starting to notice how restrictive it is

\- can't use gestures on third party launchers

\- customization is mostly limited to the built in themes app with cheaply looking made themes (no hate to the developers)

\- xiaomi security scan is really annoying also can't forget to mention waiting 10 seconds to allow certain permissions 

In my opinion it just lacks features and CUSTOMIZATION, it had more freedom on miui, i specifically remember gestures working with third party launchers on miui

On the other hand I'm not sure if its a good idea since hyperos also has some features oneui doesn't. I need advice maybe from your personal experiences, pls help.",DragonflyDouble512,2026-07-03 23:34:58,1,1,https://reddit.com/r/Smartphones/comments/1umtjor/do_you_think_switching_from_hyperos_to_one_ui_is/
t3_1umhjqf,Smartphones,Suggest me the best phone,"Hey everyone, my cousin sister is going to college! She is buying a new phone and she's asking me for the perfect suggestion... I asked her to search some according to your budget and she gave me the following list

Google Pixel 8a

Motorola Edge 70 Fusion

Realme GT 7T

I am confused among these.. she wants a very nice camera (she wanted iphone, but her parents denied), and good for day-to-day use and keep it long-lasting (4-5 years). For camera i thought of pixel, then for long-lasting I thought of Motorola and Realme... guys I am very confused, give me your suggestions...",GRANDTHEAFAUTO,2026-07-03 15:29:51,4,12,https://reddit.com/r/Smartphones/comments/1umhjqf/suggest_me_the_best_phone/
t3_1umsh4d,Smartphones,Has replacing the battery ever made you keep your phone longer than you planned?,"It feels like people aren't upgrading their phones as often anymore. New models are getting better, but for a lot of people the biggest problem is just battery life.

I've been looking into replacement batteries lately and noticed that a lot of the newer ones now support things like battery health reporting and better compatibility with newer iOS features. It made me wonder if battery replacements have become a more practical option than they were a few years ago.

For those who've replaced the battery instead of buying a new phone, did it actually make your phone feel worth keeping for another year or two?

Or did you still end up upgrading sooner than you expected?",Ill_Percentage_5984,2026-07-03 22:46:20,1,3,https://reddit.com/r/Smartphones/comments/1umsh4d/has_replacing_the_battery_ever_made_you_keep_your/
t3_1umrgoi,Smartphones,Choosing a new phone,"Hi guys, I'm writing here because I have abig problem choosing which phone to buy. Let me explain better, I come from iPhone (14) and for 10 years I've always used only iOS. I got to a point where I'm a bit bored with the few things I can do with it, so I wanted to switch to Android. I tried to get a Google Pixel 10 Pro (I love the AI) and it seemed to be really cool, but then once I got it,I returned it after 1 day ,because I just didn't like it, the Instagram reels I don't know why but they seemed to be of lower quality than the iPhone 14 (probably due to the optimization) and sometimes i had some micro lagging in general that I didn't like (also the factthat the front camera looked like a phone of 10 years ago with when I moved the camera it seemed to lagging  like a 10 year old phone)so I returned it and said to myself ""better to buy an iPhone again and not have these problems"". Only I'm not sure because I would still be bored given that you can't do much customization. So I was thinking about an S25 Ultra or an S26 Ultra, in your opinion are they optimized for social media Average? Are there any small glitches or problems every now and then, or can I play it safe?",BassOk1242,2026-07-03 22:01:28,0,6,https://reddit.com/r/Smartphones/comments/1umrgoi/choosing_a_new_phone/
t3_1ummuuq,Smartphones,Nothing phone 3a or 3a pro or moto edge 60 pro,"Which would be better if I want a overall good phone but leaning slightly more towards camera and battery as I don't game at all on my phone. 

Also what is the major difference in 3a and 3a pro from a user perspective is camera quality same?

",Aritplayzz,2026-07-03 18:53:54,2,4,https://reddit.com/r/Smartphones/comments/1ummuuq/nothing_phone_3a_or_3a_pro_or_moto_edge_60_pro/
t3_1umla40,Smartphones,"Help me find a phone in South Africa, please!","Hi there,

I amlooking for a new android phone. I am based in South Africa and my budget is ZAR5000.

I need 128g+ for storage, and a good camera. Also must be Google compatible.

Also needs to be somewhat rugged - I generally take good care of my phones, but the screen on the one I have at the moment (second-hand Samsung A24) breaks with the smallest fall. My previous phone, Samsung A30, I had for 7 years and never had to replace the screen even though it fell a number of times in that time period. I changed because of space issues, otherwise I would still be using it.

I am used to Samsung, but am open to other brands if they have a better offering.

Looking forward to seeing what you guys suggest :)",divergent_queen,2026-07-03 17:52:20,2,1,https://reddit.com/r/Smartphones/comments/1umla40/help_me_find_a_phone_in_south_africa_please/
t3_1umqqy2,Smartphones,Changing providers,"So im going from straightalk to Verizon for my Samsung galaxy, im doing it totally online but I have a question

Do I have to cancel the straighttalk plan and THEN sign up for Verizon or will it automatically switch? I wanna keep the same phone number with my phone too ",Cynessa5,2026-07-03 21:31:23,1,2,https://reddit.com/r/Smartphones/comments/1umqqy2/changing_providers/
t3_1umq9td,Smartphones,Phone Recommendations,"Hi everyone, I’m looking for some phone recommendations for my partner. He is currently using an old iPhone and has talked a lot about wanting to switch to an android, I personally prefer the look of Apple so haven’t really looked into other options, and so not sure of what phone brand I could get for him. If anyone could recommend a brand or model ofsmartphone that’s really good, regardless of price.  
Thank-you!! ",Slow-Yak1088,2026-07-03 21:12:08,1,5,https://reddit.com/r/Smartphones/comments/1umq9td/phone_recommendations/
t3_1umpy2h,Smartphones,New phone suggestions,"Hey, everyone! I am currently on the Samsung A14. I want to buy a new phone. The phone has to be an all-rounder- decent camera, good battery, storage, performance, etc.... However, I rarely take pictures of myself and my interests because of personal issues, and I couldn't really afford a decent phone, so the main focus is on the camera. 

Any recommendations are appreciated! ",Consistentloner12,2026-07-03 20:58:57,1,1,https://reddit.com/r/Smartphones/comments/1umpy2h/new_phone_suggestions/
t3_1umh227,Smartphones,LG G8 ThinQ Upgrade Needed | Recommendations Needed!,"I've had my LG G8 since early 2019 with zero issues outside of a few very minor scratches on the screen. Battery life is still fantastic and I'll be keeping it for a backup/2FA machine until it refuses to turn on.

&nbsp;

Recently its been getting to the point of being so far behind on version updates that apps havestarted to not work. My banking app reached that point today, and with that being a daily use app it's time to upgrade.

&nbsp;

I haven't followed anything to do with phones since getting this one. I don't need anything expensive, just reliable and one that will be getting updates for at least the next few years. My phone is only used for the basics (email, phone/text, light browsing) and work (IT field). I have Verizon as a carrier and would prefer to buy outright at $500 or under if I can stay around that range. I do not want to go with a payment plan on any flagship phone.",laddiemawery,2026-07-03 15:10:52,3,6,https://reddit.com/r/Smartphones/comments/1umh227/lg_g8_thinq_upgrade_needed_recommendations_needed/
t3_1umpri9,Smartphones,How much do prices go down on the older models after new releases?,"I am looking into the FindX9 series and am wondering if waiting to buy an FX 9Pro after the FX10 release would be a good choice, since I definitely do want to stay below the €1k mark. Right now I have a Reno 14, the first non Samsung phone in almost 15 years (my US specs S23+ was stolen). I love the Oppo UIand the phone in general, so I might want to stay in that environment.

Thanks for any input ",signaturewhips,2026-07-03 20:51:20,1,0,https://reddit.com/r/Smartphones/comments/1umpri9/how_much_do_prices_go_down_on_the_older_models/
t3_1umkasz,Smartphones,Which phone should i buy under 30k inr? With 4k 60fps recording available,,National_Resolve9200,2026-07-03 17:14:37,2,5,https://reddit.com/r/Smartphones/comments/1umkasz/which_phone_should_i_buy_under_30k_inr_with_4k/
t3_1umnulh,Smartphones,"Can someone recommend me a phone that has good battery life, great at handling gaming and multitasking??","I’m going to sell my iPhone 17. It’s a good phone but not really what I’m looking for. The keyboard is annoying too. I have my eyes on google pixel pro, xiaomi 17 pro, and Samsung s26 plus but I’m also skeptical about Samsung because of the subreddit scamsung.",Audiocat_,2026-07-03 19:33:18,0,11,https://reddit.com/r/Smartphones/comments/1umnulh/can_someone_recommend_me_a_phone_that_has_good/
t3_1umntx2,Smartphones,Best camera for 600-800$,"**I’m looking for a phone with an amazing camera in the $600–800 range. I want a battery larger than 5,000 mAh and a good telephoto camera—I don’t like digital zoom. I was considering the Vivo X200/X300, but I can’t find them in Romania. The Oppo Find X8 Pro sounds like a good deal, but I don’t know much about its camera. Any recommendations?**",ardeluu,2026-07-03 19:32:28,1,0,https://reddit.com/r/Smartphones/comments/1umntx2/best_camera_for_600800/
t3_1umhyqq,Smartphones,Planning to buy Samsung A16 5G,"Hi so I am planning to buy the Samsung Galaxy A16 5G 8GB + 256GB and when I see some review about it on YouTube, people say that the phone is not good and that I could buy something else, is that true? If so then does anyone has an alternative of that phone with 256GB of storage with similar price to the A16 5G",EmployerTight1227,2026-07-03 15:45:46,2,4,https://reddit.com/r/Smartphones/comments/1umhyqq/planning_to_buy_samsung_a16_5g/
t3_1umnm7n,Smartphones,Oxygen OS discontinued? Need new recommendations.,OnePlus was agood budget friendly brand imo and fit in my budget for 2026. I was hoping for the OnePlus 13 or OnePlus 15r to fall around the 40-43k price range during the next amazon or flipkart august independence day sale. But since Oxygen OS is discontinued I'm having constant doubts if I should spend on Color OS. Beinga previous OPPO user I'll say I wouldn't like to spend more than 30k on it again. If anyone has any recommendations which rival the Oxygen OS or budget flagship phones which have a chance to drop to 40-43k price range please let me know. Thanks.,StoicRat04,2026-07-03 19:23:44,1,3,https://reddit.com/r/Smartphones/comments/1umnm7n/oxygen_os_discontinued_need_new_recommendations/
t3_1ummu4k,Smartphones,Restoring the oleophobic coating?,"I have a Galaxy S21 that I love and don't feel like swapping, but the oleophobic coating is non-existent and and the screen smudges like mad.

Is it realistically possible to regenerate it with a liquid protector, or should I not even bother trying? I'd like a product that lasts at least 3 months.",NoPhilosopher1284,2026-07-03 18:53:06,1,2,https://reddit.com/r/Smartphones/comments/1ummu4k/restoring_the_oleophobic_coating/
t3_1umac3d,Smartphones,S26 ultra,"I'll be getting a s26 ultra soon, the 16gb ram and 1tb storage variant (cobalt violet), do y'all think its a good decision? It currently costs 1340 euros.

I think that I'll be blown away by its performance and its cameras because even tho some people complain about the display and the cameras I think that It will still be an enormously huge difference for me because I've never owned or used a flagship phone ever and I've been using my a52s 5g for the past 4 years but it's starting to lag and overheat frequently, so I mostly only watch videos, tiktoks and can't really play some games that I would want to and I'm not really using the cameras because they really aren'tthat great but that's no surprise of course.",Independent_Case9948,2026-07-03 10:05:42,5,11,https://reddit.com/r/Smartphones/comments/1umac3d/s26_ultra/
t3_1umm6f1,Smartphones,buying phone,anyone selling iphone 13 pro 2nd hand good condition under 29k in good condition let me know pls i wnna buy,smegmaballz9,2026-07-03 18:27:02,1,0,https://reddit.com/r/Smartphones/comments/1umm6f1/buying_phone/
t3_1umlaqd,Smartphones,Help me choose between S26 ultra and base iPhone 17,"Hi, in my country these phones are in the same price category 

I like the selfie camera and long term OS support of iPhone 17, but I consider the sacrifice of telephoto camera, lack of vapor chamber, and apple bad ai

For s26 ultra, I like the the more advanced ai, amazing main camera system with telephoto and pro capture features (log,APV,etc)

But I don't prefer the large size and selfie camera ",yassqsm,2026-07-03 17:53:01,1,0,https://reddit.com/r/Smartphones/comments/1umlaqd/help_me_choose_between_s26_ultra_and_base_iphone/
t3_1umf4qy,Smartphones,AMA ( iphone13 >> Pixel 9 >> Samsung s25 ),"I have recently switched 3 compact phones, and i think i can take some questions.",theforeveraspirant,2026-07-03 13:55:03,2,2,https://reddit.com/r/Smartphones/comments/1umf4qy/ama_iphone13_pixel_9_samsung_s25/
t3_1umjhxj,Smartphones,Which Phone Should I get: Samsung a37 or Pixel 10a,"I don't havea preference when it comes to size.

I already had both phones in my hand when I was in the shop, but I can't decide.",cuh19,2026-07-03 16:44:01,1,6,https://reddit.com/r/Smartphones/comments/1umjhxj/which_phone_should_i_get_samsung_a37_or_pixel_10a/
t3_1umiqai,Smartphones,Need recommendations!,"I want to buy new phone, my budget within25k....My expectations aren't specific like phone must be all rounder like decent camera, battery life, storage and performance !",SwimCompetitive5882,2026-07-03 16:14:46,1,1,https://reddit.com/r/Smartphones/comments/1umiqai/need_recommendations/
t3_1umii88,Smartphones,Ive found a cheap galaxy S22,should i get it? its only for 41$ and also i want to have a secondary android phone,AngelWingsxz,2026-07-03 16:06:14,0,17,https://reddit.com/r/Smartphones/comments/1umii88/ive_found_a_cheap_galaxy_s22/
t3_1umi3v1,Smartphones,Are there any phones out there like the Motorola Razr that have two internal screens instead of one bending screen?,"I got me a Motorola Razr some years ago and fell in love with it, since I can actually fit the thing inmy pocket, and I refuse to go back to any normal phones.

  
Now today, I open my dear old Razr and notice some split/lines forming along where the screens bend from opening and closing my phone. I've had this thing for five years, but I've always wished that there was a version that came with two screens inside (think like a Gameboy SP, but another screen in place of the controls on the bottom half) since the bezels on these things are tiny and I'd honestly be fine with having the line through the centre in exchange for longevity.

  
I will admit, I'm a basic bitch when it comes to smart phones, I don't upgrade unless I really have to, and I go durable/practical vs bells and whistles. Does anyone know of any phones that are similar to a Motorola Razr, but have two screens instead of one bendable one? 

  
I know the Ultra has the screen on the front of the phone, but I'd really like to find one where there's two of those on the inside. 

A mate of mine has the same phone as me, but she's rough as guys on it and managed to damage the screen, so she's gonna give it to me when her new phone arrives and I'll see if I can try replacing one bendable screen with two mini ones in the meantime.",Raspberrinator,2026-07-03 15:51:05,1,0,https://reddit.com/r/Smartphones/comments/1umi3v1/are_there_any_phones_out_there_like_the_motorola/
t3_1umi0b4,Smartphones,Iphone 16 vs xiaomi 17t,"What is better to choose iphone 16 or xiaomi 17t? I need phone with great camera and great using experience. On the one hand there is hesitation to get xiaomi 17t because of Hyper OS and AI photos overprocessing (photos can be not like in real life in terms of details and there can be photo distortions), on the other hand iphone 16 with 60 herz, no telephoto and small screen. Another question, how do you feel pwm on iphone 16? At the moment, I have huawei nova 5t.

Thank you for answers!!!!",Lorenzo_Darell_,2026-07-03 15:47:23,0,3,https://reddit.com/r/Smartphones/comments/1umi0b4/iphone_16_vs_xiaomi_17t/
t3_1umi3qj,Smartphones,Are there any phones out there like the Motorola Razr that have two internal screens instead of one bending screen?,"I got me a Motorola Razr some years ago and fell in love with it, since I can actually fit the thing inmy pocket, and I refuse to go back to any normal phones.

  
Now today, I open my dear old Razr and notice some split/lines forming along where the screens bend from opening and closing my phone. I've had this thing for five years, but I've always wished that there was a version that came with two screens inside (think like a Gameboy SP, but another screen in place of the controls on the bottom half) since the bezels on these things are tiny and I'd honestly be fine with having the line through the centre in exchange for longevity.

  
I will admit, I'm a basic bitch when it comes to smart phones, I don't upgrade unless I really have to, and I go durable/practical vs bells and whistles. Does anyone know of any phones that are similar to a Motorola Razr, but have two screens instead of one bendable one? 

  
I know the Ultra has the screen on the front of the phone, but I'd really like to find one where there's two of those on the inside. 

A mate of mine has the same phone as me, but she's rough as guys on it and managed to damage the screen, so she's gonna give it to me when her new phone arrives and I'll see if I can try replacing one bendable screen with two mini ones in the meantime.",Raspberrinator,2026-07-03 15:50:57,1,1,https://reddit.com/r/Smartphones/comments/1umi3qj/are_there_any_phones_out_there_like_the_motorola/
t3_1umgdwg,Smartphones,Future of OnePlus,"I was gonna buy the oneplus 15 this month. But all of these rumours about the potential integration with oppo and os shutdown, have got me rethinking. Even if i bought it, will there be an ota transition for oxygen os users to color os or they will be left stranded? Need clarity please!!",lazy_dakait,2026-07-03 14:44:37,1,10,https://reddit.com/r/Smartphones/comments/1umgdwg/future_of_oneplus/
t3_1um2yg1,Smartphones,Looking for a new phone suggestion,"I've been rocking an A36 fora year or so now because I was out of work and before that I had an s21, one of my favorite phones tbh and lasted me about 5 years

I'm looking for a phone that can last me about 5 years or more too, I've been looking into the pixel 10a and the nothing 4a pro but don't have the experience to know which will fit better. I don't game or anything on my phone just normal use (camera, social apps, banks, etc)

Also don't know much of Chinese brands or even if theywork with my carrier (t mobile) so I'd also be open to that

Cheers!",wwwmk2,2026-07-03 03:19:28,8,12,https://reddit.com/r/Smartphones/comments/1um2yg1/looking_for_a_new_phone_suggestion/
t3_1umfbvk,Smartphones,Samsung s26 ultra vs Honor Magic v3,I Found both the S26 Ultra and Honor magic v3 for the same price. Both cost 999$. I love foldable phones. (but also scared of the inner screen breaking in the long run). I owned a Fold 5 and went perfectly before selling it. But I have heard stories from relatives and friends that their fold phones inner screen broke or just stopped working. Would appreciate advice as I'm torn. ,NFO5O,2026-07-03 14:02:50,1,2,https://reddit.com/r/Smartphones/comments/1umfbvk/samsung_s26_ultra_vs_honor_magic_v3/
t3_1umhvcr,Smartphones,Iphone 17 vs Oneplus 15 vs Samsung s26 ? Which to Buy,Confused amongst the above said models to buy in the coming sale.please help with your experiences or knowledge.🙂‍↕️,unchartedmedico,2026-07-03 15:42:17,1,3,https://reddit.com/r/Smartphones/comments/1umhvcr/iphone_17_vs_oneplus_15_vs_samsung_s26_which_to/
t3_1umc6pw,Smartphones,Looking for new phone after samsung A30,"Looking for atleast 6GB, 128GB, 6000MaH, 50 MP back camera.

Please suggest.",maybenotbored,2026-07-03 11:42:59,2,0,https://reddit.com/r/Smartphones/comments/1umc6pw/looking_for_new_phone_after_samsung_a30/
t3_1umabeo,Smartphones,iphone lookalike?,"Hi, my friend has left a DV relationship, she’s having lots of calls and meetings with police/ social workers etc and is in secure refuge housing with her young daughter. problem is she has a smashed up iPhone 11. Its battery health is 71%, it has to stay on charge whilst on the phone to anyone or it dies on her. This obviously isn’t ideal in case she needs to ring police in an emergency whilst she is out of the refuge and has been staying in most days as a result.

My friend has a learning disability and would not be able to use an android phone (we’ve tried!)

I’m not in the position to pay for a new or used Iphone for her and we’ve checked with the organisations helping her and they can only provide a basic phone for her (which is fantastic, but ultimately would be of no use to her).

Does anyone know of any phones that are cheap enough? I was thinking if there was an iPhone clone where everything can look the same and act the same as the iPhone? (just without the price tag!) if not I can manage to get her a used one but it may take me a few months, which isn’t ideal.

Any recommendations would be greatly appreciated and I am sorry for the long message!

Edited to add: based in the UK (England)

Edit2: thank you all for the suggestions, I’m going to look through them all and hopefully have a solution soon for her. I appreciate you all, tysm",sharpestcrayon87,2026-07-03 10:04:38,2,13,https://reddit.com/r/Smartphones/comments/1umabeo/iphone_lookalike/
t3_1ume921,Smartphones,thoughts on itel A50c,soo im thinking of buying this phone as an alternative just for social media how will it perform any idea??,Responsible-Wave5208,2026-07-03 13:17:48,0,2,https://reddit.com/r/Smartphones/comments/1ume921/thoughts_on_itel_a50c/
t3_1umf6ba,Smartphones,A search that promises to be complicated,"I'm looking for a phone with decent specs that has a microSD slot and a headphone jack. It should have a high-quality DAC, be Google-certified, have consistent hardware, and feature up-to-date, actively maintained software. I haven't found one yet. Any ideas",VegetableGur6572,2026-07-03 13:56:50,1,0,https://reddit.com/r/Smartphones/comments/1umf6ba/a_search_that_promises_to_be_complicated/
t3_1um5ppv,Smartphones,Oneplus or Nothing,"Hi All, I am planning to buys a new phone ina few days. Confused between Oneplus 13R and Nothing 3

 Need your thoughts on this",Temporary_Gas_6407,2026-07-03 05:39:13,4,13,https://reddit.com/r/Smartphones/comments/1um5ppv/oneplus_or_nothing/
t3_1um9h46,Smartphones,How is S25 battery in real world,"Was thinking of S25 cuz it wason heavy discounts but realised a ton of battery performance concerns from owners and owners of previous generations of S23s and s24s, whats the real worldperformance for it. Not looking to spend extra on S25+",Vivid-Hunter9838,2026-07-03 09:16:21,2,7,https://reddit.com/r/Smartphones/comments/1um9h46/how_is_s25_battery_in_real_world/
t3_1um0yjw,Smartphones,"Which phone is better, Galaxy s21 ultra or Pixel 10 Pro?","Just got an extra phone for a great deal to use as a business phone. But then I was wondering if it was actually better than my current phone I was using and if it should become my personal instead. I originally have a Galaxy s21 Ultra 5G, and the new phone is the Pixel 10 Pro. Which phone is better? ",NightGunther,2026-07-03 01:43:15,8,18,https://reddit.com/r/Smartphones/comments/1um0yjw/which_phone_is_better_galaxy_s21_ultra_or_pixel/
t3_1umd9zz,Smartphones,one plus nord 6 or nothing phone 3,"big dillema for which one tobuy, one plus camera is bad but performance is better but nothing ui is better with good camera, both are of same price but nothing doesn't come with a power adapter so whats better in your opinion guys???",Professional_Monk287,2026-07-03 12:34:33,1,1,https://reddit.com/r/Smartphones/comments/1umd9zz/one_plus_nord_6_or_nothing_phone_3/
t3_1umdqie,Smartphones,Best dual SIM phones to easily switch between SIMs,"Hi everyone,I need some help. 

I have a physical SIM and now an eSIM but on my Google Pixel 6 it's really lengthy to switch between SIMs. I just want to simply switch without going deep into my settings and making it a whole process because I am now using my phone for personal use and business. 

Are there any recommended phones that have the capability to easily switch between SIMs? 

Thank you!",Middle_Dragonfruit97,2026-07-03 12:55:45,1,1,https://reddit.com/r/Smartphones/comments/1umdqie/best_dual_sim_phones_to_easily_switch_between_sims/
t3_1umdg2i,Smartphones,Is my battery fucked, So I have a one plus nord ce 3 light 5 g i have replaced the screen multiple time and I mainly used it for hotspot so it was 100 % at about 8 am in the morning now it's 6 pm and it's at 8percent  ihave used the phone for a grand total of 8 mins today I'm genuinely confused as too wats happening coz the battery health still shows 93 percent ,Correct-Class-4920,2026-07-03 12:42:26,1,0,https://reddit.com/r/Smartphones/comments/1umdg2i/is_my_battery_fucked/
t3_1umcu2s,Smartphones,S25 plus vs Oppo Find X9,"Guys I am planning to buy a phone and currently shortlisted these 2. 

The only thing stopping me from Samsung is it's battery and RAM management which is 4900mah plus old tech lithium ion whereas Oppo has latest bigger 7025mah Silicon Carbon battery which doesn't degrades fast.

Doesn't Oppo X9 still retains the same behaviour of killing apps that go to background even for 1 minute or it has improved. I heard Samsung is better in this regard.

I am not not sure how S25+ fares in real world but if the difference is day and night I will go for Oppo. For cameras I can compromise",Far-Dragonfruit-7985,2026-07-03 12:14:01,1,0,https://reddit.com/r/Smartphones/comments/1umcu2s/s25_plus_vs_oppo_find_x9/
t3_1umc6cs,Smartphones,oneplus 15r or oneplus 13,(india) got a budget of 50-55k inr and since the prime day sale is coming up oneplus 13 might also fall in this range.. which one will be a better purchase considering gaming is one of the priorities or is there any other better phone that might fall in this budget?,Beginning-Praline285,2026-07-03 11:42:29,1,1,https://reddit.com/r/Smartphones/comments/1umc6cs/oneplus_15r_or_oneplus_13/
t3_1umc541,Smartphones,Is my phones camera cooked?,"So I have an HMD device. With a 13mp back camera. And an additional sensor below it.

The camera ls pretty fine, but recently the camera sensor no longer works. 

The camera opens normally, but it's now blurry on close subjects, and doesn't adjust to clear as normally. It's blurry and unusable.

Since the phone trash, but the camera was it's redeeming quality for the price....  Is there anything I can do at home like attempting to open it or something, or should I just part with it completelyand buy another phone?

My next goal is to save up for the Redmi a5.

Thank you.",Fantastic_Grass1799,2026-07-03 11:40:41,1,0,https://reddit.com/r/Smartphones/comments/1umc541/is_my_phones_camera_cooked/
t3_1umc3uc,Smartphones,Need phone recommendation for mom,"Could anyone recommend a phone under 30k inr

As usual good camera and battery capacity",Potential_Source_501,2026-07-03 11:38:56,0,2,https://reddit.com/r/Smartphones/comments/1umc3uc/need_phone_recommendation_for_mom/
t3_1um82w6,Smartphones,Poco X8 pro max vs OnePlus nord 5,"Hey everyone, I’m trying to decide between the Poco X8 Pro Max and the OnePlus Nord 5, and I’m finding it hard to choose.

I'm looking at the 12gb RAM / 256gb ROM global version for the Poco, while the OnePlus has 12gb RAM / 512gb ROM, global version (6800mAh).

I only take photos occasionally so that's not a priority. I basically use it to surf the web, watch videos and listen to music via BT.

But I would like to have a good battery autonomy. I also would like to try some emulators, Iguess the Poco messes up on that one right?

What are your thoughts on which one offers the better experience overall?

Edit: both are 320€.",CastanhoProvocante,2026-07-03 07:53:34,2,2,https://reddit.com/r/Smartphones/comments/1um82w6/poco_x8_pro_max_vs_oneplus_nord_5/
t3_1umbbjz,Smartphones,Aiuto smartphone da acquistare,"Devo cambiare il telefono che ormai è obsoleto. Lo uso molto per lavorare, quindi con mappe perennemente aperte e diverse app in uso contemporaneamente. Non lo uso per gaming o video ma comunque ci sono un pò di cose da processare. Ho buttato l'occhio su : Samsung Galaxy A37 HONOR 600 Lite Nothig Phone ( 3a ) Opinioni/suggerimenti/aiuti?



Esistono inoltre mesi in cui è meglio comprare?",Adept_Information187,2026-07-03 10:58:59,1,0,https://reddit.com/r/Smartphones/comments/1umbbjz/aiuto_smartphone_da_acquistare/
t3_1umb1xm,Smartphones,"Need your opinion on buying new android phone, already got a list of what I'm potentially buying.","Hello, my budget is around 400-450$. My needs for a phone is: good battery life, amoled 120hz screen, 256gb storage, decent camera for taking photos of university lectures ( doesn't have to be extra great since I'm not going to do shit on social medias as I'm done with them ),snapdragon chipset, runs cool to slightly warm ( not going to play heavy games on this phone like those AAA games, just some pokemon and indie games ), good software OS. My place is in vietnam and I have no problem looking for china exclusive phones here, carrier isn't affected also. Here's a list of phones I'm interested in:

  
Honor win RT = snap 8 elite, huge battery, OS is questionable.

  
Oneplus ace 6 = probaly my most potential buy, battery is only500mah less than 6t and have good os according to people.

  
K90 pro max = up to snap 8 elite gen 5, less battery than oneplus ace 6, OS is questionable also notoriously for being bad and prone to heating/throttling as it is xiaomi phone, a great built-in speaker, could have better camera . only 20$ more expensive than other options.

  
Realme neo 8 = snap 8 gen 5, questionable OS, only placed it here for being cheaper than others.

  
which one is your go-to ?",CurryLikesGaming,2026-07-03 10:44:48,1,6,https://reddit.com/r/Smartphones/comments/1umb1xm/need_your_opinion_on_buying_new_android_phone/
t3_1umaypo,Smartphones,Suggest me a good phone under 40-45k,,WinterMarket1969,2026-07-03 10:40:04,1,1,https://reddit.com/r/Smartphones/comments/1umaypo/suggest_me_a_good_phone_under_4045k/
t3_1um7oqc,Smartphones,Gaming phone under 30k iQOO vs Poco?,"&#x200B;

Need recommendations on buying a gaming phone in India.
Budget's ₹30k, wanted the IQOO Neo 10R but it's out of stock everywhere. Got a deal on Poco F7 via Flipkart instead.

Heard a lot about Poco's motherboard dying after updates + green line issues on older models. Anyone with the F7 specifically facing this, or was it just an X-series thing?

Also worried buying via Flipkart (not Amazon) makes replacement/service harder if something goes wrong. Should I wait for the Neo10R or just go for the F7?",AmazingVacation_,2026-07-03 07:29:38,2,1,https://reddit.com/r/Smartphones/comments/1um7oqc/gaming_phone_under_30k_iqoo_vs_poco/
t3_1umayfs,Smartphones,Nothing Phone 4a vs Moto Edge 70 Pro?,"Hey Folks, 

I am dead confused between these 2 phones. I am not a gamer. My priorities are great cameras and good for daily usage. Both cost almost the same. I need the phone to last at least 3-4 years. What should I do? ",Careful_Affect4622,2026-07-03 10:39:41,0,0,https://reddit.com/r/Smartphones/comments/1umayfs/nothing_phone_4a_vs_moto_edge_70_pro/
t3_1um6w22,Smartphones,"Looking for a phone upgrade — strong battery, fast charging, decent camera (budget~£650, UK)","Looking for a phone upgrade — strong battery, fast charging, decent camera (budget \~£650, UK)

Hey all, my current phone is on its last legs and I'm after some recommendations. Priorities in order:

Battery life — I want something that comfortably gets through a full day of moderate-heavy use without babying it

Fast charging — bonus points if it supports wireless too

Decent camera — nothing pro-level needed, just solid everyday shots and reasonably good zoom

Good software/update support would be nice, not a dealbreaker

Budget is around £650. I've been eyeing the Xiaomi17T, Honor 600 Pro, and Pixel 10a etc but none of these are wowing me. pen to ane. 

Would love to hear real-world experiences rather than spec sheets — anyone suggestions? Cheers!",AggravatingCraft5964,2026-07-03 06:44:01,2,11,https://reddit.com/r/Smartphones/comments/1um6w22/looking_for_a_phone_upgrade_strong_battery_fast/
t3_1um6tgo,Smartphones,I can't figure out what to buy,"Mujhe Samsung s25 ultra bohot acha laga lekin uska battery backup sab bol rahe hai bahut kam hai. Samsung ka latest 26 mujhe 1,04,000 me mil raha lekin uska design acha nahi hai. Mujhe iphone lena chahiye ya phir samsung hi ya phr koi aur phone. Plzzzz neeeed helppppp. ",Positive_Manager704,2026-07-03 06:39:59,2,3,https://reddit.com/r/Smartphones/comments/1um6tgo/i_cant_figure_out_what_to_buy/
t3_1um6gko,Smartphones,"2026 opinion of durability, budget, size and security of Android smartphones?","My first priorities are privacy+security, small phone size and a budget phone. Could you help narrow down on one? It's next to impossible to find a 5.5 inch phone. Why did manufacturers choose to build 6 inch and almost 7 inch phones that don't even fit in the pocket? As for data privacy and cybersecurity, whether it's a Chinese brand or American brand or Indian brand, which phones have safer hardware and software? I can't spend too much so it has to be a budget phone in the price range of a Samsung F22 for example. Also, are the AMOLED and Super AMOLED screens reliable (green line issue)",No_Elevator_9641,2026-07-03 06:19:41,2,0,https://reddit.com/r/Smartphones/comments/1um6gko/2026_opinion_of_durability_budget_size_and/
t3_1uma6hb,Smartphones,"Planning to buy poco x8 pro, need your opinion","Hi! I'm planningto buy the poco x8 pro 12/512 this 7.7 via shopee. Safe po kaya ito? I'm worried baka hindi ma-handle ng delivery riders yung device and faulty siya dumating sa'kin huhu. Sa luzon area po pala ako, region 3 to be exact. Planning to use it for gaming (mostly for genshin) and for everyday life, first big purchase as a working girl hehe. I saved up to buy it po kasi kaya sobrang kabado. Will appreciate any comments or suggestions. Thank youu!",Embarrassed-Fan-4539,2026-07-03 09:57:13,1,1,https://reddit.com/r/Smartphones/comments/1uma6hb/planning_to_buy_poco_x8_pro_need_your_opinion/
t3_1um6dci,Smartphones,"I have a perfectly fine sony xperia 5 III except for the screen is broken, beautiful phone but no use, the phone is too expensive for shops to buy and the cost to fix the screen is nearly the cost of the phone in 1 piece. Pls suggest me away to sell or make use of it. (I live in hanoi vietnam)",,Choice-Line6387,2026-07-03 06:14:48,2,0,https://reddit.com/r/Smartphones/comments/1um6dci/i_have_a_perfectly_fine_sony_xperia_5_iii_except/
t3_1uma60p,Smartphones,Realme P4,"As a small business owner, I rely heavily on phone conversations to finalize pricing and agreements. For security and record-keeping purposes, I need to record these calls. However, the standard Google Dialer announces 'This call is now being recorded' or the beep beep sound, which is not suitable for my workflow. I’ve been advised that installing **ODialer** allows for silent recording without these notifications. Could you please confirm if this solution works reliably before I proceed with purchasing the phone?

Btw I would also appreciate if you could tell me if there are lags or glitches in the phone that i should be aware of as I dont entirely trust YT reviews. 
Things I wanna know is : 

1. How's the camera in daylight and low light? Specs look decent on paper but want real world experience.
2. How's the Realme UI experience been? Any bloatware issues that are hard to get rid of?
3. Battery backup in real usage — does it actually last the 1-2 days?
4. Any glitches that y'all have faced or any other reason why this phone might be a dealbreaker for you.

",RockCheap8333,2026-07-03 09:56:26,1,0,https://reddit.com/r/Smartphones/comments/1uma60p/realme_p4/
t3_1ummcpc,Smartphones,Rant: Tired of companies just copying Apple,"Apple makes the Air. Samsung makes the Edge. Apple goes titanium. Samsung goes titanium. Apple goes back to Aluminum. Samsung goes back to Aluminum. Apple removes curves from display glass. Fucking EVERYONE switches to flat panel glasses. I can't find a single flagship-ish phone with a curved glass. The latest decent one I can isa Oneplus 13 and even that's out of stock in USA. Apple makes major decisions and all Android companies are fucking sheeps.

Edit: by curved glass I meanslight radius on the edge of the glass, NOT curved screen like the S22 Ultra. Small difference.",Neat-Ad5383,2026-07-03 18:33:56,0,29,https://reddit.com/r/Smartphones/comments/1ummcpc/rant_tired_of_companies_just_copying_apple/
t3_1um9qei,Smartphones,Anyone using the OPPO Reno 14 Pro?,"How's the battery life in daily use? How much screen-on time (SOT) do you usually get on a full charge? Please mention your usage (Wi-Fi/5G, gaming, camera, etc.) too.",Common-Ad7166,2026-07-03 09:31:33,1,0,https://reddit.com/r/Smartphones/comments/1um9qei/anyone_using_the_oppo_reno_14_pro/
t3_1um9d15,Smartphones,Moto g power/gplay 2024,"This is by far the worst smart phone I've ever had and I'll lay out a few examples of why. It's my simple goal to steer people away from this phone despite it's low price point.

1 Motorola hasforced the installation of the glance app which constantly gives ads and news feed. When you disable the app, of the phone updates itself it will re enablethe app. This app is literally ad/news bloatware.

2 the battery life has reduced by half over the course of a year. I'll be real about my phone usage and screen time, its pretty high, I watch a lot of YouTube/IG/tik tok doomscroll, most nights usually like an hour, and I'll frequently stay in a discord callfor 6 hours a day. The phone battery has dwindled to lasting less than 24 hours on a full charge.

3 The charging port has become broken/misaligned very quickly.

4 it's so cumbersome searching through the base phone settings and apps, and when you search for anything 90% of the time it's just blank. Search for lock screen for example, and just nothing comes up. 

The phone doesn't have a built-in media section. So you're forced to use YouTube music, or personally navigate your music files and click them one by one.

I hate using this phone, and I feel like it is worse in almost every way to my Samsung Galaxy, and that thing hardly works anymore. I'm sure there's numerous other things I could list but for now hopefully this is more than enough to make you reachfor a better phone. I understand being cheap, you can often find this phone in the clearance bin at Walmart for 19$. But honestly it's one of the biggest headaches of my life.",Ill_Chemistry_1558,2026-07-03 09:09:36,1,1,https://reddit.com/r/Smartphones/comments/1um9d15/moto_g_powergplay_2024/
t3_1um5e4x,Smartphones,Screen of S25 and iPhone 17,"I have light sensitivity and I havenoticed that whenever I use my S25 base, it causes eye pain. I don’t experience such symptoms with my iPhone 17 base. I love my S25 but using it becoming difficult. Are the screens of both phone different ? ",Zealousideal-Top6671,2026-07-03 05:22:30,2,2,https://reddit.com/r/Smartphones/comments/1um5e4x/screen_of_s25_and_iphone_17/
t3_1um90xx,Smartphones,Suggest please,"Can someone please suggest me a good budget phone under 22k, my old phone can't survive too much now, please suggest",the_incredible2047,2026-07-03 08:49:45,1,2,https://reddit.com/r/Smartphones/comments/1um90xx/suggest_please/
t3_1um96j5,Smartphones,Phone suggestion,"8GB RAM

256BG ROM

Budget- max 35k",rebelledevara,2026-07-03 08:58:56,1,2,https://reddit.com/r/Smartphones/comments/1um96j5/phone_suggestion/
t3_1um0f2e,Smartphones,I need help to decide which phone I should get,"IS it the s24 ultra or is it the s26 

I like to take photos with my s21

Flaws of my s21 : 

Bad camera quality 

shitty battery 

Outdated software 

and overheating 

Cons of my s21 : 

Decent software 

Good ""zoom"" 

And amazing display 

These are the things who matter to me so can any one help me out

Thanks! ",cool4u7,2026-07-03 01:17:45,4,7,https://reddit.com/r/Smartphones/comments/1um0f2e/i_need_help_to_decide_which_phone_i_should_get/
t3_1um95y3,Smartphones,One plus nord CE 5 or one plus nord 5,I need some suggestions about these phones ,rebelledevara,2026-07-03 08:57:56,1,7,https://reddit.com/r/Smartphones/comments/1um95y3/one_plus_nord_ce_5_or_one_plus_nord_5/
t3_1um0e0r,Smartphones,Poco X7 Pro,"thoughts about X7 Pro? is tere any issues, Pros andCons?",mjmisery,2026-07-03 01:16:21,4,0,https://reddit.com/r/Smartphones/comments/1um0e0r/poco_x7_pro/
