comment ID,parent post ID,parent comment ID,subreddit,comment text,author,timestamp,score/upvotes
t1_nynk96v,t3_1pmuiya,t3_1pmuiya,Smartphones,This is my first time posting,Upstairs-Mixture7622,2026-01-09 19:41:19,1
t1_oekrunt,t3_1pmuiya,t3_1pmuiya,Smartphones,Can you guys pin a post or add a rule stating that budgets need to be mentioned if people are looking for recommendations?,chickenlatte45,2026-04-06 07:58:18,1
t1_oglch2v,t3_1pmuiya,t3_1pmuiya,Smartphones,Review about Smartphones allowed too? ,Inner_Pie6600,2026-04-16 20:45:13,1
t1_oirmv5n,t3_1pmuiya,t3_1pmuiya,Smartphones,Why can't Ipost pictures of smartphones? Where are some great subreddits where it's okay to post pictures of smartphones?,DunDonese,2026-04-28 15:51:51,1
t1_ovgdgy2,t3_1un07j5,t3_1un07j5,Smartphones,"Chinese phone to be honest, my poco f5 has lasted for 3 years without lagging or needing any repairs",ANS__2009,2026-07-04 05:15:40,1
t1_ovgfuez,t3_1un07j5,t3_1un07j5,Smartphones,"Location? You'd have to get something high-end midrange if you're doing midrange. Certainly skip Galaxy A0x/A1x/A2x at LEAST. Motorola's G Power series, if they're still doing those, I'm sure is out.

Is refurbished flagship not an option for you or you just don't want to go that route for some reason?",Fatalstryke,2026-07-04 05:34:30,1
t1_ovggxtl,t3_1un07j5,t3_1un07j5,Smartphones,"Google Pixels hold up well and get updates for 7 years.  They are a great value if you pick one up on sale.  They aren't that great for gaming, but are snappy with everything else, and in my experience they don't slow down the way budget Android phones do and they aren't cluttered with redundant apps that you don't use.  Cameras are great for still shots and decent-ish for video.

Go for Pixel 9 or higher.",nnnope1,2026-07-04 05:43:23,1
t1_ovgmsxw,t3_1un07j5,t3_1un07j5,Smartphones,It needs 8-12GB ram nowadays. Avoid cheap Chinese Xiaomi models. ,Sheetmusicman94,2026-07-04 06:31:32,1
t1_ovh37am,t3_1un3c87,t3_1un3c87,Smartphones,"The samsungA17 is alright, depening on your real budget and location there are better options. Samsung A17 brand new near me is $302 after taxes or i can order a muchbetter motorola edge 2025 from the best buy canada app for $370 after taxes and cheaper if refurbished. I wouldnt consider getting a samsung A16, i have used it and it can be pretty choppy i probably sound like im promoting but a better alternative to the A16 imo would be a motorola G06 8/256 which you can getfor around $200 and comes with a cheap gel case already on it.",allreplays,2026-07-04 08:53:31,1
t1_ovgyc5v,t3_1un350c,t3_1un350c,Smartphones,"This is an international sub, not india specific

Phone is good, battery is pretty good but no idea if it'll last long. Probably 4-5 years in before needing dying",ANS__2009,2026-07-04 08:09:59,1
t1_ovgxrn2,t3_1un32cb,t3_1un32cb,Smartphones,"iPhone 17 is better in every single regard bro. 

It has better battery, better performance, better speakers, better haptics, better cameras, longer software support, better screen. 

Yeah. No brainer tbh. ",Hasmanc,2026-07-04 08:05:00,1
t1_ovgwqv4,t3_1un32cb,t3_1un32cb,Smartphones,Nothing no doubt,ANS__2009,2026-07-04 07:56:10,1
t1_ovgv2bq,t3_1un2puc,t3_1un2puc,Smartphones,go for the s26u,Tapelessbus2122,2026-07-04 07:41:38,1
t1_ovgx9o0,t3_1un32cb,t3_1un32cb,Smartphones,"Sell your 3a on other platforms if you don’t want it, and buy a 17. Why not keep your 3a though?",VoltageinTheory,2026-07-04 08:00:39,1
t1_ovghqe9,t3_1un0cf0,t3_1un0cf0,Smartphones,the batteryis gonna be utter shit ,trrjas,2026-07-04 05:49:50,1
t1_ovgdcq4,t3_1un03u7,t3_1un03u7,Smartphones,"Iqoo 15 is good. But it's better for performance compared to the s25 ultra

Vivo x300 is my choice, good camera, good battery and it's pretty durable",ANS__2009,2026-07-04 05:14:44,2
t1_ovgvb9j,t3_1un0cf0,t3_1un0cf0,Smartphones,"No, buddy, it's completely phased out.",Wise_Swordfish4865,2026-07-04 07:43:47,1
t1_ovgpmwg,t3_1un1me6,t3_1un1me6,Smartphones,"Based on your preferences, samsung is best followed by oppo/vivo whatever you get cheaper",rockaxorb13,2026-07-04 06:55:24,1
t1_ovgng7j,t3_1un1me6,t3_1un1me6,Smartphones,And I'm open for suggestions on any other phones,fish_n_chips_XD,2026-07-04 06:37:00,1
t1_ovgqh78,t3_1un1me6,t3_1un1me6,Smartphones,"Oneplus 13 is my pick to be honest

Software is really good and smooth, battery is great. And because of it being Android, you have good file sorting and probably have easy file transfer

And about your camera issue, you can watch videos of reviews or find photo examples

Videos are good on Android using an app called motioncam pro, it reduces a lot of post processing and the video looks really good, it's not free though, it costs 2600 inr

And software is, in my opinion, better than one ui and ios

It's good for customization, it's really smooth and lightweight, which is why it's good even on cheaper phones

You can also go for vivo x200t",ANS__2009,2026-07-04 07:02:30,1
t1_ovgseyw,t3_1un1me6,t3_1un1me6,Smartphones,"S 25 u willbe best choice & i think it will comedown around 70k during Diwali sale , if you want Gemini intelligence features then you should look S 26 series Cause it will feature in only 26 series I also wanted to purchase s25 u but i guess during bbd i will settle on Pixel 10",GATE_CH,2026-07-04 07:18:51,1
t1_ovfrzez,t3_1umux5a,t3_1umux5a,Smartphones,"OnePlus 13's battery smokes the Samsungs and the camera processing is way more natural if you hate that warm tint. Just make sure you can activate on AT&T, their whitelist can be a pain.",flimsyglucose_7,2026-07-04 02:44:51,2
t1_ovfdwjs,t3_1umux5a,t3_1umux5a,Smartphones,iPhone or Samsung if you want an actual flagship with good specs.,YogiBearShark,2026-07-04 01:18:05,2
t1_ovf8tsg,t3_1umux5a,t3_1umux5a,Smartphones,Pixel! ,PoolMotosBowling,2026-07-04 00:49:46,2
t1_ovfaj54,t3_1umux5a,t3_1umux5a,Smartphones,Pixel or S24U,Gremlin256,2026-07-04 00:58:53,1
t1_oveo1r5,t3_1ums0sg,t3_1ums0sg,Smartphones,OK and?,desertsexcultleader,2026-07-03 22:55:45,1
t1_ovfkng2,t3_1ums0sg,t3_1ums0sg,Smartphones,Mid range is the best I'm using one now after using a flagships for years ,MaintenanceOk4847,2026-07-04 01:59:08,1
t1_ovfq3nl,t3_1ums0sg,t3_1ums0sg,Smartphones,You don't need flagship power if you don't use it. Midrange is completely normal. ,Olly_Joel,2026-07-04 02:32:57,1
t1_ovg7g2z,t3_1umzbww,t3_1umzbww,Smartphones,Nothing phone looks solid,Royal-Dragonfly1166,2026-07-04 04:29:42,1
t1_ovg7jbs,t3_1ums0sg,t3_1ums0sg,Smartphones,I really enjoy my z flip 7,Royal-Dragonfly1166,2026-07-04 04:30:23,1
t1_ovg6zqe,t3_1umzbww,t3_1umzbww,Smartphones,Nothing phone 4a or Google pixel 10/10a/9a,Top_Grapefruit4138,2026-07-04 04:26:21,1
t1_ovh2w6x,t3_1umzbww,t3_1umzbww,Smartphones,get the oneplus 13 or s25 edge,blaz_e1,2026-07-04 08:50:49,1
t1_ovg7gww,t3_1umzbww,t3_1umzbww,Smartphones,Id just getan iPhone 15 or something,bobbygangthe2nd,2026-07-04 04:29:52,0
t1_ovg6xig,t3_1umzaaz,t3_1umzaaz,Smartphones,"10A blind pick 
Battery sot you get 7 hour+ easily using 5g but using wifi 8-9h .. Camera is very good , display brightness very good compare to 9A and upgraded modem
On paper look like 10A is same as 9A but in reality 10A is upgraded version of 9A",Vivid_Cancel1150,2026-07-04 04:25:53,3
t1_ovg7pug,t3_1umzaaz,t3_1umzaaz,Smartphones,"15t, there is a chance of battery drain but it can be stopped manually. Even if you don't do that, it has good battery life which will last the average user the whole day",ANS__2009,2026-07-04 04:31:43,2
t1_ovgalni,t3_1umzaaz,t3_1umzaaz,Smartphones,"there are some camera comparison videos on youtube, can take a look

regarding battery life, can check this to compare [https://www.gsmarena.com/battery-test-v2.php3](https://www.gsmarena.com/battery-test-v2.php3)",evozerobb,2026-07-04 04:53:19,2
t1_overprq,t3_1umsotj,t3_1umsotj,Smartphones,Oh you makeai sad 😹,uberdriver2710,2026-07-03 23:15:46,4
t1_ovfz6sf,t3_1umxys1,t3_1umxys1,Smartphones,"I switched from an iPhone Air to the Pixel Pro Fold 10 for 13 days recently. I returned the Pixel on the 14th day. 

Things that I loved about the Pixel:  
\- Gemini and all of the Pixel AI features were absolutely amazing to use.   
\- Having more customization was a breath of fresh air.  
\- Typing on the Pixel felt superior to the iPhone

What I missed from iPhone:  
\- I too use Reddit and it looks way better on iPhone.  
\- Android on the Pixel is a very smooth, polished experience. But I missed the iPhone’s UI. iPhone feels more polished.  
\- In the hands my iPhone feels special. I didn’t get the same feeling from the Pixel.

Other things to note from my experience:  
\- I had also bought the Pixel Buds Pro 2 and Pixel Watch 4.   
\- I will say that the Pixel Buds were amazing and I think I actually enjoyed them more than my Air Pods Pro 3.   
\- I enjoy the Apple Watch 11 over the Pixel Watch 4. ",imDXfactor,2026-07-04 03:31:59,1
t1_ovgv2fl,t3_1un1k0x,t3_1un1k0x,Smartphones,"As someone already mentioned, there really aren't any interesting phones here. The local current brands are Sony, Sharp and FCNT (Fujitsu). There's nothing special about them. Just higher price and lower specs.

You might be able to find a used Balmuda Phone for like 20k. It's unique in shape, I guess. Balmuda typicallymakes toasters.

Either that or you can find one of the phones for the elderly, like a rakuraku phone. The UI might be interesting to you, since they don't sell them in the west AFAIK.

Edit: both of those options are ""unique"", but they don't meet your other conditions. Oops.",riipot,2026-07-04 07:41:40,1
t1_ovgrl35,t3_1un1k0x,t3_1un1k0x,Smartphones,There's no interesting phones unique to Japan. All the local brands are boring midrangers,_NeuroDetergent_,2026-07-04 07:11:47,1
t1_oveuzg3,t3_1umsotj,t3_1umsotj,Smartphones,Dumbphone,RealisticWesterngdoa,2026-07-03 23:33:41,4
t1_ovex835,t3_1umsotj,t3_1umsotj,Smartphones,"Get nothingphone 2 there's no AI or essential space, only the camera app has it but every phone has ai in the camera (post processing)",Brave_Bag_Gamer2020,2026-07-03 23:45:59,3
t1_ovet68b,t3_1umsotj,t3_1umsotj,Smartphones,iPhone AI sucks and is virtually non existent ,brainswell-01,2026-07-03 23:23:37,2
t1_ovev6lf,t3_1umsotj,t3_1umsotj,Smartphones,"Well you have AI in all phones, depends on how you define it. I got a Motorola Signature and just disabled their AI.",frason75,2026-07-03 23:34:46,2
t1_ovewyc3,t3_1umsotj,t3_1umsotj,Smartphones,You can getan iPhone and turn it off.,swisstraeng,2026-07-03 23:44:27,2
t1_ovewaix,t3_1umsotj,t3_1umsotj,Smartphones,You can turn off Apple Intelligence on iPhones ,Basic_Photograph8608,2026-07-03 23:40:43,2
t1_ovf1x7o,t3_1umsotj,t3_1umsotj,Smartphones,Android andiOS both have AI in them. And the apps themselves have AI even if you bought an Android phone and then installed a de-Googled ROM lol.,Fatalstryke,2026-07-04 00:11:55,2
t1_ovexeiz,t3_1umsotj,t3_1umsotj,Smartphones,Pixel fold is on sale on woot.,OkBarber6783,2026-07-03 23:46:58,1
t1_ovfb7ll,t3_1umsotj,t3_1umsotj,Smartphones,"Believe it or not iphones can disable and uninstall all AI, anytime I switch to my iphone it kinda makes me realize just how dependant samsungs One UI is on AI",SphereCowGoMoo,2026-07-04 01:02:40,1
t1_ovf974i,t3_1umsotj,t3_1umsotj,Smartphones,"get any phone supported by LineageOS and install it yourself, any version of the Fairphone, or buy a used Pixel and install GrapheneOS. ",redishrecycle,2026-07-04 00:51:42,1
t1_ovfbx6b,t3_1umsotj,t3_1umsotj,Smartphones,No phones have AI if you just turn it off,d_e_u_s,2026-07-04 01:06:40,1
t1_ovfd6tf,t3_1umsotj,t3_1umsotj,Smartphones,Jolla phone,That_Guy_In_Aqw,2026-07-04 01:13:54,1
t1_ovfk9ym,t3_1umsotj,t3_1umsotj,Smartphones,if you turnit off there isn't ai on iPhones ,BuildStone,2026-07-04 01:56:53,1
t1_ovh35ux,t3_1umsotj,t3_1umsotj,Smartphones,"smart phones no you could look at HMD ( perviously Nokia) not there smart phone as I un they now have AI but you. An look at their feature phones they are a little lo teck have butt but if you don’t want Ai.

Can I ask why no AI?",Doogerie,2026-07-04 08:53:10,1
t1_ovetw0f,t3_1umsotj,t3_1umsotj,Smartphones,"This is so stupid. 

AI is the next 5G",allgear_noidea,2026-07-03 23:27:32,1
t1_ovb2u41,t3_1umd05w,t3_1umd05w,Smartphones,"I think theoppo find 9 ultra has the most to offer by far, probably the best cameras on any smart phone, biggest battery and probably the best software of the China phones. I can't stand ios so iPhone would be out to me and spec wise it always feels like you're paying for less. The s26 ultra is a good choice because of one ui but it's inferior in all aspects of hardware compared to find x9 ultra.

I'm currently rocking the find x8 ultra China rom and it's excellent, I have ordered my find x9 ultra global version so no more Chinese bloat, it's expensive but oh well.",uokayquestionmark,2026-07-03 12:32:13,4
t1_ovb1x9b,t3_1umd05w,t3_1umd05w,Smartphones,"Go for the OPPO, it's the best out of the three ",TheMeerkat_,2026-07-03 12:26:59,6
t1_ovepf2y,t3_1umsotj,t3_1umsotj,Smartphones,A burner from 2005 or 2010.,Alex_Bace,2026-07-03 23:03:05,1
t1_ovbdwl8,t3_1umd05w,t3_1umd05w,Smartphones,"five years out of a cheap xiaomi is solid. the oppo find x9 ultra just leapfrogs both in hardware, with a bigger battery, way faster charging, and a periscope camera that beats both the iphone and samsung in low light zoom. i switched from a samsung to the x8 ultra last year and the charging speed alone made me forget about wireless. the silicon carbon battery tech means less degradation versus the s26 ultra's li-ion, you'll feel the difference in year three. coloros on the global rom is clean and oppo's update speed now rivals samsung's. software support is the only real gamble but they've been matching the five year promise lately. if you're not tied to samsung's ecosystem and don't need the apple logo, the oppo is the easy pick.",TheHonorableStoppage,2026-07-03 13:31:46,2
t1_ovbokaj,t3_1umd05w,t3_1umd05w,Smartphones,"For a 5-year phone, software support is king. I'd go Samsung or iPhone",TylerRidge,2026-07-03 14:24:26,2
t1_ovbwxvi,t3_1umd05w,t3_1umd05w,Smartphones,wait for the 18pm,Tapelessbus2122,2026-07-03 15:03:41,1
t1_oveejpn,t3_1umd05w,t3_1umd05w,Smartphones,iPhone 17 Pro Max.,VoltageinTheory,2026-07-03 22:04:36,1
t1_ove3mca,t3_1umd05w,t3_1umd05w,Smartphones,Why not the17 pro?,faramaobscena,2026-07-03 21:09:08,1
t1_ovggmjj,t3_1umx32r,t3_1umx32r,Smartphones,It's good for you then. Go for it,ANS__2009,2026-07-04 05:40:51,1
t1_ovg1p4n,t3_1ums0oi,t3_1ums0oi,Smartphones,"Holding value is something reasonable to want, however you should get whichever device you like better. What is the point of living with a device you don't like using just for the prospect of some unknown value it holds in the future?

I would say if you can, to try an iPhone first before you commit to it.  There is inherently nothing special about it.  It does the exact same things an Android device does, which is make phone call, run apps, notify you of things etc.  At least that is my opinion after using an iPhone 17 Pro for a month alongside a Samsung.  They each have their pros and cons.

Is there any reason you are considering the S24U as opposed to a newer model like the S26U or S26+?  What features are you looking for in a phone?  What is your budget? What is the cost of the S24U and the iPhone 15 Pro Max?  Without knowing more details, people can't really make a recommendation to you.",frenetic_alien,2026-07-04 03:48:58,2
t1_ovg68cj,t3_1ums0oi,t3_1ums0oi,Smartphones,"I am a samsung fan, but s25 is so horrible I wouldn't recommend to people. My mother uses it and has problems every week.  They release patches and updates often, so Iam sure samsung is aware.
I use z flip 7 and this phone is solid.
Not sure how s24u is, since i jumped from s22. 

Iphone is nice but if you are comingfrom android, you will feel somewhat trapped. 
You will miss customization yet feel incredibly smooth at its integration and optimization",Royal-Dragonfly1166,2026-07-04 04:20:43,1
t1_ovda0qa,t3_1umm7os,t3_1umm7os,Smartphones,Oppo find x9 pro or ultra,No-Cartographer832,2026-07-03 18:49:41,2
t1_oveph38,t3_1ums0oi,t3_1ums0oi,Smartphones,The S24U isa better device. ,Due_Somewhere6985,2026-07-03 23:03:23,2
t1_ovdadd8,t3_1umm7os,t3_1umm7os,Smartphones,"S26 Ultra.Quicker updates, good battery life, and better overall.  

The only reason to get the OnePlus 15 is for slightly better battery life and better in hot climates.  The Samsung phones in India or Arizona USA get the green lines due to lower quality heat management.",InvestingNerd2020,2026-07-03 18:51:16,2
t1_ovd8wts,t3_1umm7os,t3_1umm7os,Smartphones,how same price ?,OkEducation1052,2026-07-03 18:44:32,1
t1_ovftfti,t3_1umm7os,t3_1umm7os,Smartphones,"If same price, choose the s26u. If cheaper, choose the one plus 15. The s26u is a better phone, but one plus 15 is insane one battery and other things.",cooltig3r,2026-07-04 02:54:07,2
t1_ovd67dh,t3_1umm7os,t3_1umm7os,Smartphones,Why not HONOR. ,CleaRSightZ,2026-07-03 18:32:03,1
t1_ovdav6v,t3_1umm7os,t3_1umm7os,Smartphones,One plus 15,Murky_Koala6758,2026-07-03 18:53:31,1
t1_ovddrkh,t3_1umn25v,t3_1umn25v,Smartphones,"Value goes to google pixel 10a
Performance goes to oneplus 13r
All round is s25 fe",NoChange5812,2026-07-03 19:06:50,0
t1_ovfbpqx,t3_1umv9s0,t3_1umv9s0,Smartphones,"it really can't be updated and was never good even on 11. It'll be super slow, and you're stuck with AT&T as well. How much are you paying for it?",Puzzleheaded-Sky2284,2026-07-04 01:05:29,1
t1_ovfa0hx,t3_1umubny,t3_1umubny,Smartphones,Don't ever get 128gb ever again. Sucks ,PlatanoPowa,2026-07-04 00:56:04,2
t1_ovg35zr,t3_1umubny,t3_1umubny,Smartphones,Backup to pc or mac,No_Echidna5178,2026-07-04 03:59:03,1
t1_ovbdicz,t3_1umegbm,t3_1umegbm,Smartphones,iphone willbe better. Or you can consider pixel ,disguise570,2026-07-03 13:29:43,2
t1_ovbdw97,t3_1umegbm,t3_1umegbm,Smartphones,"Depends on your need. Samsung is great for people who knows what they are doing. You can get stunning photos if you know how to tweak. 
Meanwhile iPhones are open andclick, you just turn on the camera to click photos and 8 out of 10 times photos will be decent enough. ",allcompanymobiles,2026-07-03 13:31:43,2
t1_ovbixzv,t3_1umegbm,t3_1umegbm,Smartphones,"My Galaxy S25 takes really good photos. I think this phone takes heat for its camera but I think it's great. If you tweak the settings a little you can get top notch photos. I think your choice depends on which OS you really want. You have to live with the OS day in day out, get which one you like.  ",fuzzywuzzywuzzafuzzy,2026-07-03 13:57:06,1
t1_ovblawp,t3_1umegbm,t3_1umegbm,Smartphones,"On which paper is A52 better than iPhone 15/16 lmao. The iPhone 15/16/17 and S26 have pretty much the same camera hardware on paper, something you defo aren't getting on the A52. ",Lucky_Outside_2009,2026-07-03 14:08:42,1
t1_ovblmx6,t3_1umegbm,t3_1umegbm,Smartphones,"comparing a5 year old midranger to a current flagship is a bit unfair. the s25 already handles processing way better than those older a series phones, so an s26 will be a massive leap. at this point the real difference is just whether you like ios or android more, both cameras will be solid.",blindmythology05,2026-07-03 14:10:19,1
t1_ovbvsbq,t3_1umegbm,t3_1umegbm,Smartphones,"https://youtu.be/hh9Mit8uYBY?is=ZpLrgCnEhrdp8ie3

8:20 and forward. Look at how Google Pixel makes up the image. 🤣",Loud-Edge7230,2026-07-03 14:58:19,1
t1_ovd53yo,t3_1umegbm,t3_1umegbm,Smartphones,"In terms ofvideo recording, the iPhone excels, but for regular photos, I prefer Samsung's processing. While the difference isn't significant, the iPhone tends to retain its value over time, unlike Samsung. Therefore, if you plan to sell your phone after a while, I recommend the iPhone. ",pworzd,2026-07-03 18:27:00,1
t1_oveb5b1,t3_1umegbm,t3_1umegbm,Smartphones,"Roughly thesame. Look elsewhere if the camera system matters to you. 

Typed on my Vivo x300 Pro in the USA 🇺🇸 ",runski1426,2026-07-03 21:46:53,1
t1_ovh3bi0,t3_1umegbm,t3_1umegbm,Smartphones,"For the best camera, 17 pro (yeah, I know, it’s expensive, but to me it seems to be a very future-proof phone so it should last a long time)",faramaobscena,2026-07-04 08:54:32,1
t1_ovbm3g3,t3_1umegbm,t3_1umegbm,Smartphones,"Base iPhone17 for cameras.  

Samsung Ultra line is great, but their base line is mid.  iPhones win in terms of better base model offerings.",InvestingNerd2020,2026-07-03 14:12:33,1
t1_ovbtcyz,t3_1umegbm,t3_1umegbm,Smartphones,iPhone for sure ,sportsfan161,2026-07-03 14:47:03,1
t1_ovbxtit,t3_1umegbm,t3_1umegbm,Smartphones,"Iphone of course. With Samsung you'll need third party apps, constant messing with settings, wasting time doing this and that just to get decent pic (still much worse then on Iphone with simple point and shoot) and bypass terrible Auto mode. Video recording is so much better on Iphone, that it's not even comparable. ",Infinite-Draft1618,2026-07-03 15:07:45,1
t1_ovbe61e,t3_1umegbm,t3_1umegbm,Smartphones,">I currently have Samsung A52 and the camera is awful compared to my friends Iphones (15 /16).

Oh wow a 5 years old midrange phone has subpar quality camera who would have thought

""Iphone processing looks better""

You seriously think yellow skin and oversaturation is better processing?",Appropriate-Ship9359,2026-07-03 13:33:08,0
t1_ovfsqzq,t3_1umttsv,t3_1umttsv,Smartphones,"If you dontwant to spend more than 1000$, the best option is the iphone 17. Is better than the 15 pro and 16 pro in almost everything except for the telephoto camera.",cooltig3r,2026-07-04 02:49:44,1
t1_ovdx29x,t3_1umhjqf,t3_1umhjqf,Smartphones,Hmmm if it’s the camera I suggest Samsung S26? The reviews for the camera quality are mostly pretty good.,Ok_Reach_7384,2026-07-03 20:38:03,1
t1_ovbpomw,t3_1umegbm,t3_1umegbm,Smartphones,"On paper, the iPhone's better.

The main camera has a wider aperture on the iPhone whilst being the same sensor size for both of 1/1.56''.

There's no telephoto onthe iPhone which is a bummer but the Galaxy is recycling a rlly old telephoto so win goes to the galaxy though not a lot of effort points. 

The ultrawide goes to the iPhone as the Galaxy doesn't have autofocus only fixed focus.

Selfie camera goes to the iPhone as it's using a square sensor at a wider aperture, allowing for different aspect images without turning the phone sideways.

Both would be great compared to an A52 though.",techkernels,2026-07-03 14:29:44,0
t1_ove8236,t3_1umhjqf,t3_1umhjqf,Smartphones,I have always had expensive ones. Not worth it ever. Price will be the deciding factor.,gringo--star,2026-07-03 21:31:06,1
t1_ovf4pnm,t3_1umttsv,t3_1umttsv,Smartphones,anything but any 15 theyre overheating again but i would recommend get a samsung with that budget cause you can get a like s26 ultra or s25 ultra and they both have better performance and camera than all the iphones,NoChange5812,2026-07-04 00:26:53,1
t1_ovg6nrx,t3_1umttsv,t3_1umttsv,Smartphones,"How important is battery life for ya.. If its important i would go max, ",Royal-Dragonfly1166,2026-07-04 04:23:53,1
t1_ovfma1i,t3_1umhjqf,t3_1umhjqf,Smartphones,Used iphone..Yung gusto nya dapat .Yung hahawakan palang nya nkangiti na Siya ..,No_Cheesecake3694,2026-07-04 02:09:11,1
t1_ovc3sk8,t3_1umhjqf,t3_1umhjqf,Smartphones,just get her an iPhone bro,bobbygangthe2nd,2026-07-03 15:35:02,1
t1_ovgfc89,t3_1umtjor,t3_1umtjor,Smartphones,What features on hyperos do you like aren't on oneui,ANS__2009,2026-07-04 05:30:28,1
t1_ovc9kll,t3_1umhjqf,t3_1umhjqf,Smartphones,sounds likeused iphone time,WritersGift,2026-07-03 16:00:54,1
t1_ovenxjs,t3_1umsh4d,t3_1umsh4d,Smartphones,"I think smart phones are becoming more of a long time investment. More people are rejecting an upgrade. 

After 5 years I might replace battery. But the battery lastover a day. So will only replace when it's obviously less than a day. ",TheCookieMonsterYum,2026-07-03 22:55:07,2
t1_ovcdsn3,t3_1umhjqf,t3_1umhjqf,Smartphones,"Just get her a refurbished or second hand iPhone. My last iPhone was bought second hand, not because I can't afford a new one. But because second hand works well and Ican spend the difference on other hobbies. Nothing wrong with a second hand iPhone 14 or something. ",Loud-Edge7230,2026-07-03 16:20:37,2
t1_oveogx2,t3_1umsh4d,t3_1umsh4d,Smartphones,"Yes, if youhave a smartphone which works for you well or you like it a lot, replacing a battery is a very good options for continuing using your smartphone. Absolutely.",aliaksej_by,2026-07-03 22:58:01,2
t1_ovcnocr,t3_1umhjqf,t3_1umhjqf,Smartphones,i wouldnt recommend pixel cuz ive heard people getting green line issues on their screen,Upset_Marionberry_96,2026-07-03 17:08:06,1
t1_ovd2utc,t3_1umhjqf,t3_1umhjqf,Smartphones,HONOR Magic8 Pro. ,CleaRSightZ,2026-07-03 18:16:41,1
t1_ovfkjjo,t3_1umsh4d,t3_1umsh4d,Smartphones,"Kyocera Duraforce Pro 3 and Sonim XP and LG V20 and Samsung G3...yes to all.

Had wired audio in all but the most recent Kyocera.  Pogo pin charging in the three most recent. Had a Kyocera without replaceable battery for four years until recently.  Guess which component failed?

  
Linux PinePhone used Samsung battery part number EB-BJ700BBC / BBE / CBE from the 2015 J7.",token_curmudgeon,2026-07-04 01:58:28,1
t1_ovda148,t3_1umhjqf,t3_1umhjqf,Smartphones,Iphone,Prijateljski_81,2026-07-03 18:49:44,1
t1_ovdcn3d,t3_1ummuuq,t3_1ummuuq,Smartphones,"https://youtu.be/ZOarr4BgXnA?is=8OZI8UBYsJTSHbYa

Here's a very detailed and exhausting comparison between 3a and 3a Pro.

Obviously,3a Pro is better.

NothingOSis much much better than Hello UI on Motorola and it gets my vote. Nothing Phone 3a Pro.",Alex_Bace,2026-07-03 19:01:37,1
t1_ove1o3k,t3_1ummuuq,t3_1ummuuq,Smartphones,what's the main thing you're looking for in a phone that's making you consider these options?,ApprehensiveBerry398,2026-07-03 20:59:45,1
t1_ovddb4x,t3_1umhjqf,t3_1umhjqf,Smartphones,I have a s21 and its 5 years old. Take good looking pictures so id say a newer Samsung s series. But thats just me,austinkirch,2026-07-03 19:04:44,1
t1_oveecmt,t3_1umrgoi,t3_1umrgoi,Smartphones,"Apps are always optimised for iOS more so than Android, no matter of the manufacturer. There’s so may Android’s vs iPhones its inevitable",geecol,2026-07-03 22:03:32,2
t1_ovef95o,t3_1umrgoi,t3_1umrgoi,Smartphones,Try S26 ultra. I have an iPhone 17 pro and (older) S24 ultra and don’t notice any performance differences between them. ,smithynz,2026-07-03 22:08:25,1
t1_ovefizl,t3_1umrgoi,t3_1umrgoi,Smartphones,If all yourgoing to do is use It for social media. Theres no need to get a flagship phone. I stopped buying flagship phones for several reasons. I would go for a midrange and save your money samsung makes a good series. And if you your an iPhone user the 17e.,Heavenly_Princesa143,2026-07-03 22:09:54,1
t1_ovc46ie,t3_1umh227,t3_1umh227,Smartphones,"Any pixel aseries, they are great and get updated for years. No bloatware/extra/duplicate apps, just pure android.",PoolMotosBowling,2026-07-03 15:36:47,1
t1_ovfljcu,t3_1umrgoi,t3_1umrgoi,Smartphones,"Google Pixel 10 Pro ai sucks. 

Look: The red brick wall turns into fur...
https://www.reddit.com/r/pixel_phones/s/MnpTV59Kay

Tree turns into eagle. Lol 
https://www.reddit.com/r/pixel_phones/s/LsaEndURcV

Signs 
https://www.reddit.com/r/pixel_phones/s/f4SjLLlO57",Loud-Edge7230,2026-07-04 02:04:34,1
t1_ove3kn8,t3_1umla40,t3_1umla40,Smartphones,"Motorola G37 Power, G17 Power, G47, etc.  
Don’t know if they’re available in South Africa though.",VoltageinTheory,2026-07-03 21:08:55,1
t1_ovcater,t3_1umh227,t3_1umh227,Smartphones,"Nice job keeping the G8 so long. If your main concern is price and longevity I recommend just buying an Samsung S24 from swappa. You can get it for Under $300, most stable UI for Android (IMO), and it has 7 years of major OS and security updates/support until 2031.",Azguy303,2026-07-03 16:06:28,1
t1_ovevt8q,t3_1umqqy2,t3_1umqqy2,Smartphones,"Let me ask the real question, why are you switching to Verizon? As a Verizon customer they fucking suck with service and support. Google FI, US Cellular, or T-Mobile at this rate would be a better move. ",Agr0_GG,2026-07-03 23:38:06,1
t1_ovcwyg8,t3_1umkasz,t3_1umkasz,Smartphones,You should look at some second hand options if you want a decent camera with 4K60 support for under 30K.,ArmedCrawly,2026-07-03 17:49:53,2
t1_ovek4m6,t3_1umq9td,t3_1umq9td,Smartphones,"I mean if you want the Android that looks like the iPhone there is the Honor 600 and 600 Pro.

It isn't the best value for money, but it does have great battery lifeand a solid camera.

",canucker78,2026-07-03 22:34:26,2
t1_ove5ys3,t3_1umq9td,t3_1umq9td,Smartphones,Sony Xperia1 VIII will be my next phone,Careless_Beautiful75,2026-07-03 21:20:38,1
t1_ovezc7l,t3_1umq9td,t3_1umq9td,Smartphones,"Rather thangiving a flat answer I'd ask what does he value on the phone? 

-A great all rounder : Samsung or Pixel

-Camera : Vivo

-Speed : Redmagic (not fastest burst but best sustained)

-Battery life : vivo or redmagic (tho samsung puts and impressive battle for a smaller Battery phone)

-iOS like interface: xiaomi or honor

-having all old ports and more control over your phone: Sony

-Foldable: Samsung (by what I've heard while the others have better hardware samsung wins on software)",coolasc,2026-07-03 23:57:54,2
t1_ovd9etn,t3_1umkasz,t3_1umkasz,Smartphones,"4k 60fps recording's a tough requirement under 30k inr, you'll likely have to compromise on other specs.",ApprehensiveBerry398,2026-07-03 18:46:52,1
t1_ovbywgq,t3_1umh227,t3_1umh227,Smartphones,"I think youwould move the nothing phones!
",Top_Grapefruit4138,2026-07-03 15:12:46,1
t1_ovfetbc,t3_1umq9td,t3_1umq9td,Smartphones,"Id recommend looking at samsung galaxy s25u, google pixel 9 pro or oneplus13. ",christjw,2026-07-04 01:23:32,2
t1_ovftn02,t3_1umkasz,t3_1umkasz,Smartphones,p3 ultra ,dammm-user,2026-07-04 02:55:24,1
t1_ovgsazy,t3_1umkasz,t3_1umkasz,Smartphones,"Buy second hand flagship iPhone or Samsung S series device, coz even in mid range phones offer 4K 60fps there quality is bad with exposure shifting, color inconsistency etc , prefer S24 that has log feature aswell.",Quirky-Coat56,2026-07-04 07:17:55,1
t1_ove25v2,t3_1umpy2h,t3_1umpy2h,Smartphones,"imo the most balanced new phone is the Pixel 10a for $499: [https://www.bestbuy.com/product/google-pixel-10a-128gb-unlocked-obsidian/J39TC8CKQW/sku/6668565](https://www.bestbuy.com/product/google-pixel-10a-128gb-unlocked-obsidian/J39TC8CKQW/sku/6668565)

And in terms of refurbished devices, the iPhone 15 Pro has an excellent camera system and is also pretty balanced and very powerful / modern: [https://www.backmarket.com/en-us/p/iphone-15-pro-128-gb-blue-titanium-unlocked/630d3534-d5d5-4bfe-b463-96d492cf236f](https://www.backmarket.com/en-us/p/iphone-15-pro-128-gb-blue-titanium-unlocked/630d3534-d5d5-4bfe-b463-96d492cf236f)",Puzzleheaded-Sky2284,2026-07-03 21:02:08,1
t1_ovdjwn7,t3_1umnulh,t3_1umnulh,Smartphones,OnePlus 15 ,Alex_Bace,2026-07-03 19:35:37,5
t1_ovdmtb7,t3_1umnulh,t3_1umnulh,Smartphones,"Hmm, the 17gets solid battery life, has prolly the most support for demanding games

Perhaps the Oneplus 15 would be good for better battery and the rest but cameras are a flaw.

The Oppo Find X9 Pro is also more rounded and delivers better in the camera department but loses out on supported 165hz games, potential worse battery though still great.

Keep in mind Xiaomi 17 Pro is a China only release model though it also has a lot of pros and might be worth looking at if you know what your doing.",techkernels,2026-07-03 19:49:25,2
t1_ovdorzt,t3_1umnulh,t3_1umnulh,Smartphones,HONOR Magic8 Pro. ,CleaRSightZ,2026-07-03 19:58:45,2
t1_ovemqb1,t3_1umnulh,t3_1umnulh,Smartphones,Moto G 5G Power 2025. Does what I need. For 1/4 of the price of a new iPhone. Maybe even 1/8 lol 😂 works well and does what I need. ,SpicyTunahRoll,2026-07-03 22:48:39,1
t1_ovcp8oy,t3_1umhyqq,t3_1umhyqq,Smartphones,The camera isn’t good and the phone tends to be slow the only benefit is that a16s can be found for really cheap ,JerkfromNewJersey,2026-07-03 17:15:14,1
t1_ovcz4gs,t3_1umhyqq,t3_1umhyqq,Smartphones,"tbh I foundthe opposite when buying a 5g phone, the specs weren't as important as the network coverage in my area",Initial_Worker6111,2026-07-03 17:59:35,1
t1_ovh5oom,t3_1umnulh,t3_1umnulh,Smartphones,"good battery life and gaming usually means a big battery and a fast processor, so look for those specs when comparing phones",ApprehensiveBerry398,2026-07-04 09:15:50,1
t1_ovcbzuo,t3_1umhyqq,t3_1umhyqq,Smartphones,Its generalperformance is fair but the camera quality is a NO!!,Intrepid_Quantity661,2026-07-03 16:11:53,1
t1_ovdhplb,t3_1umhyqq,t3_1umhyqq,Smartphones,"The a17 is newer, but I think it and the 16 has limited ram. So, it slows down with more apps open. If you only open 2 or 3 apps at the same time you should be good.

I bought the Moto edge 2024 last week . It is a nice phone because of having a nice snapdragon CPU.",NCResident5,2026-07-03 19:25:11,1
t1_ovdqq24,t3_1umnm7n,t3_1umnm7n,Smartphones,"? Can't youjust unlock the bootloader and install another OS? Or is that disabled on your device for some reason?

Updates aren't that big of a deal either ",ALaggingPotato,2026-07-03 20:07:54,1
t1_ovdhw9r,t3_1ummu4k,t3_1ummu4k,Smartphones,"Yeah, I used [this thing here for my old S10+.](https://a.co/d/0emczLaE) . Personally id just get a tempered glass screen protector though.",Jacknotch,2026-07-03 19:26:04,1
t1_ovh4sf3,t3_1umnm7n,t3_1umnm7n,Smartphones,"discontinued os is a good reason to consider a new phone, what features are you looking for in a replacement?",Initial_Worker6111,2026-07-04 09:07:43,1
t1_ovefqdd,t3_1umnm7n,t3_1umnm7n,Smartphones,what was sodifferent about OOS and COS since OOS/COS 12??,Intelligent_Draft886,2026-07-03 22:11:00,1
t1_ovcxv2o,t3_1umac3d,t3_1umac3d,Smartphones,"Hello

Currently I am a user of S25U, it is almost the same phone as S26U, so maybe you would be interested in my experience with it

The phone is great, I have nothing to complain about, it moves excellently, I still play brawl stars on it and it does not heat up goes super well, the cameras are very good I took pictures with it especially with portrait mode and I have nothing to object to, as the sound sits very well it sounds excellent, the screen is a marvel and it looks great, I have no lag or bugs, certain AI functions are really useful, that and connectivity sits quite well I have signal in areas where with the old phone (s22) I had no signal

The battery chapter is something more delicate, the fast charging is top, I charge in 30 minutes but the battery leaves something to be desired, not to take this phone waiting to be like a Oneplus 15 that goes easy for 2 days without being charged, to say that you take out a 7-8h of use per day, it is not exceptional but not very bad 

Another tip, not to make all kinds of settings or changes to keep you going longer, are certain settings that are good, for example those from Google and Samsung that search for devices in the background are good to turn off but otherwise not worth it. You spend $1,000 on it, enjoy this phone to the fullest

I hope my opinion helps you, you can buy it safely, an S26U has nothing to envy from anyone and can do absolutely anything",Effective_Ad7453,2026-07-03 17:53:56,2
t1_ovahk9w,t3_1umac3d,t3_1umac3d,Smartphones,There's a sale on pixel 10 pro now.  That much is too rich for my blood. ,explain_exterminate,2026-07-03 10:11:45,1
t1_ovahi5v,t3_1umac3d,t3_1umac3d,Smartphones,"yeah, go for it",Tapelessbus2122,2026-07-03 10:11:18,1
t1_ovahyoh,t3_1umac3d,t3_1umac3d,Smartphones,itll probably feel like a massive upgrade. what made you go for the 16 gb/1tb model instead of saving some money with a lower storage variant? ,Elianor07,2026-07-03 10:14:43,1
t1_ovau0oq,t3_1umac3d,t3_1umac3d,Smartphones,Go for it!,Scalar_Shift,2026-07-03 11:39:39,1
t1_ovb0q92,t3_1umac3d,t3_1umac3d,Smartphones,"Coming froman A52s, yeah, you’re probably going to be blown away.

A lot of the complaints about Ultra phones come from people comparing them to last year’s Ultra, iPhones, Pixels, etc. But from an A52s, the jump in display, speakers, cameras, speed, thermals, storage, and overall smoothness is going to feel massive. That said, 1340€ is still a lot of money. I’d only go for the 16GB/1TB model if you genuinely plan to keep it for years, take a lot of photos/videos, download lots of games, or just don’t want to think about storage. Otherwise, a 512GB version might be the smarter buy if it’s much cheaper.",BarnabyLaptopOutlet,2026-07-03 12:20:07,1
t1_ovbl5qo,t3_1umf4qy,t3_1umf4qy,Smartphones,Why did u leave ios?,MyBatterysLow,2026-07-03 14:08:00,1
t1_ovdgupc,t3_1umac3d,t3_1umac3d,Smartphones,I am reallyenjoying mine,iAmHestbech,2026-07-03 19:21:09,1
t1_ovckj63,t3_1umjhxj,t3_1umjhxj,Smartphones,"They are not even in the same league. Pixel ""a"" series are comparable to Galaxy S ""FE"" series",Appropriate-Ship9359,2026-07-03 16:53:51,1
t1_ovcjssm,t3_1umjhxj,t3_1umjhxj,Smartphones,isn't a series a mid range ? ,asnae00,2026-07-03 16:50:33,1
t1_ovcqrcp,t3_1umjhxj,t3_1umjhxj,Smartphones,lol obviously pixel,No-Office-4744,2026-07-03 17:22:06,1
t1_ovd6sc3,t3_1umjhxj,t3_1umjhxj,Smartphones,"Both are great phones!  Go with whichever you prefer for usage interface! 

If you like taking pictures, the pixel is better ",888_Dragon,2026-07-03 18:34:43,1
t1_ovcji8f,t3_1umjhxj,t3_1umjhxj,Smartphones,"Pixel is pure android, no bloatware. The amount of time it took to get all the Samsung crapware disabled or removed and set to Google apps and services was insane. Google has great support and updates for a very long time. ",PoolMotosBowling,2026-07-03 16:49:13,0
t1_ovclhqi,t3_1umjhxj,t3_1umjhxj,Smartphones,Go with pixel 10A,Vivid_Cancel1150,2026-07-03 16:58:11,1
t1_ovd2xhl,t3_1umiqai,t3_1umiqai,Smartphones,Go with realme gt7t  and realme p3 ultra ,AdvancedSeat3885,2026-07-03 18:17:01,1
t1_ovccm5t,t3_1umii88,t3_1umii88,Smartphones,"Sure! Go ahead! Having 2 phones is great as you can separate whatever is needed if not you can do 2 things at once on 2 different phones 😁

I personally have and carrying around 2 phones 😋",888_Dragon,2026-07-03 16:14:52,1
t1_ovcdli8,t3_1umii88,t3_1umii88,Smartphones,"Como teléfono principal hay mejores opciones,como secundario suena mejor idea,tambien hay que saber en que estado esta este S22,te aviso que se sobrecalienta por uso normas ",cagadass,2026-07-03 16:19:37,1
t1_ovcdtu3,t3_1umii88,t3_1umii88,Smartphones,The batterywould be horrible and the s22 was known for bad battery and for 41€ there has to be something wrong,Technical_Home6501,2026-07-03 16:20:47,1
t1_ovcbfyn,t3_1umii88,t3_1umii88,Smartphones,"😮$41, yes get it.",Sensitive-Bat-6440,2026-07-03 16:09:19,2
t1_ovcj4m9,t3_1umii88,t3_1umii88,Smartphones,"Condition? Seller? Return policy? If it works then probably yes, but it could be a lemon. ",mmskoch,2026-07-03 16:47:33,1
t1_ovcckbh,t3_1umii88,t3_1umii88,Smartphones,Honestly a bit too good to be true…,TumbleweedOk7307,2026-07-03 16:14:37,1
t1_ovcxbnh,t3_1umii88,t3_1umii88,Smartphones,"Make sure it's not Google locked, Samsung locked or Knox locked",Opulence_Deficit,2026-07-03 17:51:32,1
t1_ovcc0br,t3_1umi3qj,t3_1umi3qj,Smartphones,"No, that doesn’t exist. To most people that would be even more inconvenient than the crease so there was no point in anyone making it.",Sensitive-Bat-6440,2026-07-03 16:11:57,1
t1_ovcl6xf,t3_1umii88,t3_1umii88,Smartphones,"Yes, It's what I use and other than a short battery it's great. The screen is smaller but I kind of like that. ",Liven413,2026-07-03 16:56:50,1
t1_ovcu8xx,t3_1umi0b4,t3_1umi0b4,Smartphones,Why not getthe Xiaomi 17 ?. Or better yet find a Xiaomi 15 if possible for less price. ,No_Device_6605,2026-07-03 17:37:45,1
t1_ovc90lq,t3_1umhvcr,t3_1umhvcr,Smartphones,Oneplus 15 for sure. Unless you planning on buy the pro max or ultra. Then maybe ,leaf-yz,2026-07-03 15:58:24,2
t1_ovgbp6x,t3_1umhvcr,t3_1umhvcr,Smartphones,iphone 17,Tapelessbus2122,2026-07-04 05:01:46,2
t1_ovccsc3,t3_1umhvcr,t3_1umhvcr,Smartphones,"Of these three, OnePlus 13. No doubt. Just take care of it after every update and you'll be fine. Install the update, drain the battery down to 0 and charge it for 2 hours straight. Do it ONCE after every update and charge it normally thereafter.",Alex_Bace,2026-07-03 16:15:42,2
t1_ovc05du,t3_1umgdwg,t3_1umgdwg,Smartphones,"u're betteroff with an xperia or nothing if u want something fun, and samsung or iphone if u just want something reliable tbh",Tapelessbus2122,2026-07-03 15:18:27,1
t1_ovc9ni1,t3_1umgdwg,t3_1umgdwg,Smartphones,Most likelyeveryone going to ColorOS. It makes the most sense,Major_Enthusiasm1099,2026-07-03 16:01:16,1
t1_ov9vbz1,t3_1um2yg1,t3_1um2yg1,Smartphones,"OnePlus is great balanced option, if you wanted to know about one of the best chinese brand



Also Nothing is currently isn't much trustworthy for long term, they're still focusing on improving their software.



You should go with pixel ",Pani_Puri0,2026-07-03 07:08:39,6
t1_ovaodh3,t3_1um2yg1,t3_1um2yg1,Smartphones,"If longevity is your main goal, go with the Pixel. Google has been killing it with their extended software update promises lately. For casual like banking, social media, and taking photos, its basically the perfect ""set it and forget it"" phone for the next few years.",luxurious_skyleer111,2026-07-03 11:02:01,6
t1_ovbtmgd,t3_1umgdwg,t3_1umgdwg,Smartphones,"According to the latest rumours,  OxygenOS and Realme UI are gonna be ColorOS worldwide. It's all unconfirmed and cannot be verified.

In terms of software and security updates, you'll be getting them as promised throughout the whole period promised. 

In terms of anything else, nobody knows. It remains to be seen.",Alex_Bace,2026-07-03 14:48:16,1
t1_ovadqd0,t3_1um2yg1,t3_1um2yg1,Smartphones,"I just recently switched off of an iphone11 pro and did a bunch of research for midrange phones. To cover the same bases as you are. 

If you were to get anything. Either get a pixel 8-10 or the a57 5g. are all pretty solid choices. 

Or If you can find a s25 fe (which is what I recently got) grab that. Good camera, solid screen. ",Fourteen_Roses,2026-07-03 09:41:25,3
t1_ovaygh4,t3_1um2yg1,t3_1um2yg1,Smartphones,you really are looking into a great phone if you already got your eyes on the pixel 10a! I can definitely vouch for that because it really is good,SpecialistFinisher,2026-07-03 12:06:48,4
t1_ovc2t4p,t3_1um2yg1,t3_1um2yg1,Smartphones,Get the s26,No_Impact8505,2026-07-03 15:30:32,2
t1_ovc2zsj,t3_1um2yg1,t3_1um2yg1,Smartphones,But pixel is also good i had the 4a,No_Impact8505,2026-07-03 15:31:24,2
t1_ovcotih,t3_1um2yg1,t3_1um2yg1,Smartphones,"The Pixel aseries seem to be nice. They just lack sd storage expansion.

Picked up a week ago the Moto Edge 2024. It was only about 250. The 2025 version is good too. I get about 4 years out of the Moto phones that I have picked up. The Edge is really nice on battery, screen, processing speed and call quality.",NCResident5,2026-07-03 17:13:18,2
t1_ovaibys,t3_1um2yg1,t3_1um2yg1,Smartphones,just get the 10a,Tapelessbus2122,2026-07-03 10:17:33,2
t1_ovdk8nb,t3_1um2yg1,t3_1um2yg1,Smartphones,"If you can,get the regular 10 pixel or wait a few more weeks for the 11.",PlatanoPowa,2026-07-03 19:37:12,1
t1_ovakyru,t3_1umabeo,t3_1umabeo,Smartphones,There are Android phones made to be simple for elderly / disabled people. Look in that direction? ,allgear_noidea,2026-07-03 10:37:34,0
t1_ovanfke,t3_1umabeo,t3_1umabeo,Smartphones,"You can getan iPhone SE (2020) 128GB or an iPhone(2022) for £100 from backmarket or try cex https://uk.webuy.com/

Also portable battery pack would be great addition too",supa-mariu,2026-07-03 10:55:22,1
t1_ov9kegj,t3_1um5ppv,t3_1um5ppv,Smartphones,Please I'm also confused,urs_tamildocky,2026-07-03 05:44:25,1
t1_ovcrsbt,t3_1umabeo,t3_1umabeo,Smartphones,"I'd say Pixel 

But pause the Instagram app, because it just owns your battery life",AccumulatedFilth,2026-07-03 17:26:43,1
t1_ovake8v,t3_1umabeo,t3_1umabeo,Smartphones,"You can geta refurbished iphone SE for $100 on back market, and an 11 is \~150-200. Idk what your budget could be, but I bought my girlfriend a refurbished SE 3 years ago and it still works great ",brattygrandma,2026-07-03 10:33:17,1
t1_ova8b2p,t3_1um5ppv,t3_1um5ppv,Smartphones,Both are great but probably Nothing Phone 3 is overall better here.,Alex_Bace,2026-07-03 08:56:02,2
t1_ovbp148,t3_1umfbvk,t3_1umfbvk,Smartphones,S26 Ultra is the safe choice. Magic V3 is the fun choice,TylerRidge,2026-07-03 14:26:39,1
t1_ovet3en,t3_1um2yg1,t3_1um2yg1,Smartphones,S25 plus orS25 edge I am using a A36 now and like it for work with a A17. I have a iPhone 17 as my main day off phone. If I was going to have one phone constantly it would be either of the two phone I first mentioned.,davidwal83,2026-07-03 23:23:12,1
t1_ovg6llk,t3_1um2yg1,t3_1um2yg1,Smartphones,just get aniPhone bro,bobbygangthe2nd,2026-07-04 04:23:26,1
t1_ovg7ynz,t3_1um2yg1,t3_1um2yg1,Smartphones,"Have used iphone, mostly samsung s 6 and on... until z flip 7.  This phone is so solid.
Out of your list tho, I would personally pick nothing 4a.
The reviews on it are good too",Royal-Dragonfly1166,2026-07-04 04:33:33,1
t1_ovboihd,t3_1ume921,t3_1ume921,Smartphones,"Not good, the only standout budget itel phone has been itel City 100",noobqns,2026-07-03 14:24:11,1
t1_ov9kfq7,t3_1um5ppv,t3_1um5ppv,Smartphones,nothing phone 3 for sure,Tapelessbus2122,2026-07-03 05:44:40,1
t1_ov9k0em,t3_1um5ppv,t3_1um5ppv,Smartphones,Oneplus,praveen0295,2026-07-03 05:41:27,0
t1_ovaxrkk,t3_1umabeo,t3_1umabeo,Smartphones,"Get a 2-3 years old pixel they're very similar to iPhone and can be found $230CAD> ($160USD), at least where I live in Canada.",EquipmentNo3251,2026-07-03 12:02:40,1
t1_ova6d31,t3_1um5ppv,t3_1um5ppv,Smartphones,Why people crazy with one Plus i downvoted every one that say one plus ,potatoleloo,2026-07-03 08:39:42,0
t1_ovc09hu,t3_1umfbvk,t3_1umfbvk,Smartphones,"s26u for sure, no debate",Tapelessbus2122,2026-07-03 15:18:58,1
t1_ovbc8ue,t3_1ume921,t3_1ume921,Smartphones,"It will perform shit, itel is a shit brand and especially this phone, please do not buy this",Tall_Abrocoma_3533,2026-07-03 13:23:10,1
t1_ovabj0g,t3_1um9h46,t3_1um9h46,Smartphones,"I have the s25. Charge twice a day sadly. Nice small phone to hold but might want to think about your usage. If you're out the whole day and using your phone, probablyget something with bigger battery. ",KunJee,2026-07-03 09:23:02,3
t1_ovae1we,t3_1um9h46,t3_1um9h46,Smartphones,good enoughto last u through the day if u don't crank the brightness to max or game all day long,Tapelessbus2122,2026-07-03 09:44:05,2
t1_ovagt9v,t3_1umabeo,t3_1umabeo,Smartphones,"just get a refurbished 15 pro, it's like 500 bucks",Tapelessbus2122,2026-07-03 10:06:05,-2
t1_ovaeld8,t3_1um9h46,t3_1um9h46,Smartphones,I wouldn't buy it for the battery. ,moaazk,2026-07-03 09:48:27,2
t1_ovaryxl,t3_1umabeo,t3_1umabeo,Smartphones,You can puta filter over the oneui so it looks like Ios ,NoChange5812,2026-07-03 11:26:26,2
t1_ovagblm,t3_1um9h46,t3_1um9h46,Smartphones,"Dunno what are people doing with their phones but i get a day and a half from mine.
Scrolling, chat apps, calls, emails,  occasional photo, i do not play games tho.
It's more than satisfying.

EDIT:basic S25.",flomaster33,2026-07-03 10:02:13,1
t1_ovah28h,t3_1um9h46,t3_1um9h46,Smartphones,"I have a S25U and the battery is pretty terrible for real world use, much worse than a 17PM by a significant margin.",Forsaken_Boat_990,2026-07-03 10:07:59,1
t1_ov8tgfo,t3_1um0yjw,t3_1um0yjw,Smartphones,"I had an s22 Ultra for a while, and later I had a pixel 9 Pro XL. The pixel 9 Pro XL blew away the s22 ultra. Gemini alone is worth the upgrade to a pixel 10 Pro.  Full disclosure, I still have the pixel 9 Pro XL as a backup.  My main the last year was A Z fold 7.  Just traded that in for a Motorola Razr fold.  Yes, I am pretty agnostic to manufacturers of my Android phones.  If your choice is the s21 Ultra or the pixel 10 Pro, it's not even a contest get the pixel.  ",onthesquare63,2026-07-03 02:44:06,4
t1_ov98hlm,t3_1um0yjw,t3_1um0yjw,Smartphones,"Grabbed a pixel 10 pro as a spare business phone and wondering if it's better than an s21 ultra. that's like asking if a new hilux beats a 2003 rodeo mate. the difference in raw processing grunt alone is gonna be massive. and the camera tech jumps from 2021 to basically 2025 are laughable, night sight on the pixel will eat the samsung alive.

I'm more stuck on the ""got a great deal"" bit, here I am still nursing a cracked pixel 7 and you're picking up a flagship just casually. fair play but yeah nah the pixel is the obvious daily driver now.",package_of_musics,2026-07-03 04:20:05,1
t1_ov8tjdw,t3_1um0yjw,t3_1um0yjw,Smartphones,Pixel is better. ,SirVulc,2026-07-03 02:44:35,3
t1_ov9mge7,t3_1um0yjw,t3_1um0yjw,Smartphones,In this case the pixel is the better option. Better software support and hardware is better in this case. Only phone I would pick over the pixel 10 pro in this case isan s24 plus or ultra. ,SaverPro,2026-07-03 05:59:58,1
t1_ov8vl4p,t3_1um0yjw,t3_1um0yjw,Smartphones,"If you saidS23 ultra I'd pick the Samsung in a heartbeat, but in this case I'd say the Pixel would be a better device.",Arbee21,2026-07-03 02:57:01,3
t1_ovcle3p,t3_1um0yjw,t3_1um0yjw,Smartphones,Bruh really?. The pixel 10 pro is like 5 generations ahead.,No_Device_6605,2026-07-03 16:57:44,1
t1_ov9mvf9,t3_1um0yjw,t3_1um0yjw,Smartphones,"I personally LIKE the Samsung better but the Pixel 10 Pro is going to be better in most objective and many subjective measures.

Also you...have both of them and youcan't decide which is better?",Fatalstryke,2026-07-03 06:03:09,1
t1_ov9sni6,t3_1um0yjw,t3_1um0yjw,Smartphones,"id probablygo with pixel 10 pro  the s21 ultra is still solid a solid phone but the newer software, longer update support and camera improvements make the pixel a great choice for daily use",PuzzledMonitor3385,2026-07-03 06:47:45,1
t1_ov8n3rd,t3_1um0yjw,t3_1um0yjw,Smartphones,S21 Ultra is still a beast.,Wizzgamer1990,2026-07-03 02:07:02,-2
t1_ovawj31,t3_1umc6cs,t3_1umc6cs,Smartphones,"roughly thesame gaming performance.
13 has better cameras, 15r has better battery life.",disguise570,2026-07-03 11:55:12,1
t1_ovbssw6,t3_1umdqie,t3_1umdqie,Smartphones,"Dual SIM? 

Just enter in ""Connectivity>SIM Manager>uncheck the SIM"" 

",anndrey93,2026-07-03 14:44:27,1
t1_ovc1pgt,t3_1umd9zz,t3_1umd9zz,Smartphones,"get the phone 3, it's a much better experience",Tapelessbus2122,2026-07-03 15:25:33,1
t1_ovany1d,t3_1um82w6,t3_1um82w6,Smartphones,"Checkout detailed comparison of each specs .

https://www.smartprix.com/mobiles/oneplus_nord_5_5g_vs_poco_x8_pro_max-cpd1aage1z7d_pd175rial28.php",Big_Yesterday1724,2026-07-03 10:58:59,1
t1_ov8lm9q,t3_1um0yjw,t3_1um0yjw,Smartphones,UI = samsung,AvailableOriginal213,2026-07-03 01:58:35,-2
t1_ovaiokv,t3_1um0yjw,t3_1um0yjw,Smartphones,Want to change my phone but stuck and think which phone is best. Currently using iPhone 14. ,emmma_marie,2026-07-03 10:20:13,1
t1_ovaufog,t3_1umc3uc,t3_1umc3uc,Smartphones,Where are you from? I can suggest plenty of phones under 30k USD but I assume that’s no good for this situation ,Zealousideal_Fun3068,2026-07-03 11:42:17,2
t1_ovc43jm,t3_1umb1xm,t3_1umb1xm,Smartphones,One plus 15R,cooltig3r,2026-07-03 15:36:25,1
t1_ovaps4d,t3_1umb1xm,t3_1umb1xm,Smartphones,get the iphone 15 pro instead,Tapelessbus2122,2026-07-03 11:11:39,1
t1_ovasife,t3_1um7oqc,t3_1um7oqc,Smartphones,"go with poco f7, should be good for gaming",disguise570,2026-07-03 11:29:59,1
t1_ovc5au8,t3_1umaypo,t3_1umaypo,Smartphones,nothing phone 3,Tapelessbus2122,2026-07-03 15:41:50,1
t1_ovarahb,t3_1umb1xm,t3_1umb1xm,Smartphones,"From what iknow, all 4 are running chinese rom, so you might need to do a few things to add play market. On such phone android auto might not work and notifications might be delayed from what i read.

Oneplus ace 6 global version is Oneplus 15R btw

  
if you don't care about chinese rom and know how it all works, i'd go with Oneplus ace 6. Otherwise i'd checked something else. Good options are:  
  
\- Iqoo 15R (i have it myself. Battery life is good, not getting warm during use, very fast. The only downside - need to waste an hour to delete preinstalled bloat)  
\- Oneplus 15R  
\- Oneplus nord 6  
\- Iqoo Neo 10  
\- Honor 600  


",disguise570,2026-07-03 11:21:56,1
t1_ov9ukhp,t3_1um6w22,t3_1um6w22,Smartphones,I have the honor 400pro and it's fantastic. Has all the things you want and 5+ years of support. I'd go for the 600pro from your list,SirGuestWho,2026-07-03 07:02:43,3
t1_ovag43w,t3_1um6w22,t3_1um6w22,Smartphones,iphone 16 pro,Tapelessbus2122,2026-07-03 10:00:34,1
t1_ovabhqf,t3_1um6w22,t3_1um6w22,Smartphones,go with theone that has the best battery and software experience. those are things you'll notice every day. ,RightGirl19,2026-07-03 09:22:44,1
t1_ovfhi6z,t3_1uma6hb,t3_1uma6hb,Smartphones,"hala nagmahal po pala sya, from 25k to 32k. Any budget friendly alternatives po? thank you!",Embarrassed-Fan-4539,2026-07-04 01:40:00,1
t1_ovarur2,t3_1um6w22,t3_1um6w22,Smartphones,Honor 600 pro or Oneplus 13,disguise570,2026-07-03 11:25:40,1
t1_ovafq5i,t3_1um6tgo,t3_1um6tgo,Smartphones,get the 17 pro,Tapelessbus2122,2026-07-03 09:57:29,1
t1_ov9tev5,t3_1um6tgo,t3_1um6tgo,Smartphones,yea just get an iphone,LORDRAJA1000,2026-07-03 06:53:43,3
t1_ova3ia2,t3_1um6tgo,t3_1um6tgo,Smartphones,With corporate discount?,Sisir_V,2026-07-03 08:15:36,1
t1_ovawsm6,t3_1um6w22,t3_1um6w22,Smartphones,iPhone 17e or refurbished 15 pro/max. Android wise maybe an s25fe or one a refurbished ultra. 17e doesn’t have a lot of zoom and misses out on 120hz but battery is good and will last you years. S25fe is a good all rounder.,Ash17PM,2026-07-03 11:56:48,1
t1_ovaxpvt,t3_1um6w22,t3_1um6w22,Smartphones,Get the xiaomi 17!,vexatiousprogression,2026-07-03 12:02:23,1
t1_ovd8nj0,t3_1ummcpc,t3_1ummcpc,Smartphones,"A post written entire by a person who only reads headlines lol. 

Samsung edge came out before the iphone air. 

Apple never had a curved display phone like android. 

There were titanium android phones before Apple did it. ",EmbarrassedSlide3746,2026-07-03 18:43:22,14
t1_ovaoi07,t3_1um6w22,t3_1um6w22,Smartphones,Poco f8 ultra would meet your needs well ,ghost31x,2026-07-03 11:02:52,1
t1_ovd991h,t3_1ummcpc,t3_1ummcpc,Smartphones,"Not everything you typed in your post is factual but OnePlus 13 is still available in the US. Just have to look for it...eBay, Best buy,Amazon...you're gonna find it somewhere.",Alex_Bace,2026-07-03 18:46:07,3
t1_ovd9z0k,t3_1ummcpc,t3_1ummcpc,Smartphones,"😂 calls Android sheeps yet apple implements ""new and exciting"" features Android had like 5-7 years ago...... Jfc",Alternative-Bee-8981,2026-07-03 18:49:28,3
t1_ovdb7po,t3_1ummcpc,t3_1ummcpc,Smartphones,Doesn't Samsung make Apple's screens?! ,PhilFeelsFine,2026-07-03 18:55:05,2
t1_ovd9sqr,t3_1ummcpc,t3_1ummcpc,Smartphones,"Apple removes the headphone jack, everyone else removes the headphone jack. ",Chemical-Swing-420,2026-07-03 18:48:40,1
t1_ovd7o14,t3_1ummcpc,t3_1ummcpc,Smartphones,Look on eBay for refurbished OnePlus 13 they still have plenty,Top_Grapefruit4138,2026-07-03 18:38:48,1
t1_ovd8kr2,t3_1ummcpc,t3_1ummcpc,Smartphones,Do you meantitanium like they're using the metal titanium for phone bodies?,Just_Flower854,2026-07-03 18:43:00,1
t1_ovded4n,t3_1ummcpc,t3_1ummcpc,Smartphones,"So which isit? I thought the mindset of Apple shills was ""Apple is never first but they always do it right""...Now being first is good all of a sudden? Please tell us how long Apple needed to perfect allowing users to place app icons anywhere on the screen.",MegaJerkX,2026-07-03 19:09:37,1
t1_ovaly0i,t3_1um96j5,t3_1um96j5,Smartphones,"Realme GT 7T 

OnePlus Nord 5 

Nothing Phone 4a/4a Pro ",Alex_Bace,2026-07-03 10:44:46,0
t1_ovdjha7,t3_1ummcpc,t3_1ummcpc,Smartphones,"All manufacturers take ideas from others. You just picked some examples that make it look like Apple does everything first. Some counter-examples:

- Samsung used OLED screens, then Apple started using
 them
- Samsung had wireless charging, then Apple started using it
- Samsung made waterproof phones, then Apple started doing it
- Samsung increased screen sizes, then Apple started doing it",ZoopaJr,2026-07-03 19:33:34,1
t1_ov9ifxk,t3_1um5e4x,t3_1um5e4x,Smartphones,Yeah the screens are pretty different. Samsung uses PWM dimming on the S25 which basically means the screen flickers really fast to control brightness and a lot of people with light sensitivity can physically feel that even if they can't see it. iPhones use DC dimming which is way gentler on sensitive eyes. Try going intothe S25 display settings and turning on the extra dim mode or look for high brightness mode locked on since lower brightness actually makes the PWM flickering worse on Samsung panels. It might not fully fix it but it helped me a lot.,Used_Rhubarb_9265,2026-07-03 05:29:44,2
t1_ovb02v8,t3_1um96j5,t3_1um96j5,Smartphones,"iphone 17 pro/pro max, xperia 1 viii, s26u, pick your poison. u'd have like 33k left",Tapelessbus2122,2026-07-03 12:16:18,1
t1_ovdhd9y,t3_1um9d15,t3_1um9d15,Smartphones,"they're looking for discussion on a specific phone model, seems like they want to know what others think about it",Initial_Worker6111,2026-07-03 19:23:34,1
t1_ovafvql,t3_1um95y3,t3_1um95y3,Smartphones,"neither, not trusting op's software after the bootloops in oxygenos 16.0.5 and 16.0.7",Tapelessbus2122,2026-07-03 09:58:43,0
t1_ovahfge,t3_1um90xx,t3_1um90xx,Smartphones,Low effort posts will be ignored.,No_Echidna5178,2026-07-03 10:10:44,2
t1_ovazp36,t3_1um90xx,t3_1um90xx,Smartphones,"iphone 17 pro/pro max, xperia 1 viii, s26u",Tapelessbus2122,2026-07-03 12:14:06,1
t1_ov8j37a,t3_1um0f2e,t3_1um0f2e,Smartphones,"Go for Latest Version. 
Latest samsung processing power reached new peak....but camera department Sucks 😔",devaacl,2026-07-03 01:44:24,2
