comment ID,sentiment
t1_ovgmvak,Positive
t1_ovgmmnj,Positive
t1_oryce92,Positive
t1_oq83l2z,Neutral
t1_otdwlch,Neutral
t1_oryf40u,Positive
t1_oq93k46,Neutral
t1_or1e3yd,Positive
t1_ordnafz,Positive
t1_ordja6n,Positive
t1_ordn1r8,Positive
t1_ordniw9,Positive
t1_ordplvq,Positive
t1_ordscws,Positive
t1_ordvv91,Positive
t1_orkg6nv,Positive
t1_orqlwr7,Positive
t1_orqni1t,Positive
t1_orqvhli,Positive
t1_orqwx1u,Positive
t1_orqyxv3,Positive
t1_orqzlsc,Positive
t1_orri5v5,Positive
t1_oryeuj3,Positive
t1_orxlan1,Positive
t1_orrm089,Positive
t1_orxlgy9,Positive
t1_orzed7z,Positive
t1_orxmwiv,Positive
t1_orzd1m6,Positive
t1_orzd44l,Positive
t1_os5jszf,Positive
t1_os579d3,Positive
t1_os5jv90,Positive
t1_orzd5z5,Positive
t1_os5k7kr,Positive
t1_os5l05z,Positive
t1_osbkyta,Positive
t1_osbod1v,Positive
t1_osbodlv,Positive
t1_osbotov,Positive
t1_os5k7pc,Positive
t1_osbqk1s,Positive
t1_osbqmfy,Positive
t1_osbu4vr,Positive
t1_osbrs0f,Skipped
t1_osbr02b,Skipped
t1_osbyj8s,Skipped
t1_osbrbz1,Skipped
t1_osbymrk,Skipped
t1_osc47gt,Skipped
t1_ovdq5yn,Skipped
t1_osc0p9p,Skipped
t1_ove5q4y,Skipped
t1_ovdusvs,Skipped
t1_ovdpo4o,Skipped
t1_ovdpkh0,Skipped
t1_ovepjn6,Skipped
t1_ovdqu8x,Skipped
t1_ovdr8mc,Skipped
t1_ovdrq41,Skipped
t1_ovdth6v,Skipped
t1_ovf08tp,Skipped
t1_ovg9ibc,Skipped
t1_ovdrky2,Skipped
t1_ovfaycn,Skipped
t1_ovdr5ex,Skipped
t1_ovev93a,Skipped
t1_ovext4o,Skipped
t1_ovgi2gl,Skipped
t1_ovemo1n,Skipped
t1_ovepjfx,Skipped
t1_ovfl4q6,Skipped
t1_ovfmmn5,Skipped
t1_ovey1v1,Skipped
t1_ovep7c2,Skipped
t1_ovex9qe,Skipped
t1_ovf3g6l,Skipped
t1_ovffmbk,Skipped
t1_ovfnhbg,Skipped
t1_ovewtex,Skipped
t1_ovfjl1m,Skipped
t1_ovf9orn,Skipped
t1_ovgiesh,Skipped
t1_ovex602,Skipped
t1_ovgmwbb,Skipped
t1_ovguu7x,Skipped
t1_ovgx78u,Skipped
t1_ovf5fq4,Skipped
t1_ovdwlxg,Skipped
t1_ove9vys,Skipped
t1_ove8wyw,Skipped
t1_oveuilc,Skipped
t1_ovemot4,Skipped
t1_ovexvgg,Skipped
t1_ovekzq0,Skipped
t1_oveqy3c,Skipped
t1_ovf2grd,Skipped
t1_ovfb6gc,Skipped
t1_ovf5k72,Skipped
t1_ovel6fd,Skipped
t1_ovf7bqz,Skipped
t1_ovfefn7,Skipped
t1_ovejdnn,Skipped
t1_oven0o3,Skipped
t1_oven3wp,Skipped
t1_ovejtah,Skipped
t1_ovep0jl,Skipped
t1_ovejz52,Skipped
t1_ovepnay,Skipped
t1_ovejhs7,Skipped
t1_ovem4u4,Skipped
t1_ovejoo7,Skipped
t1_ovek8j5,Skipped
t1_ovek5ew,Skipped
t1_ovfte5m,Skipped
t1_over77o,Skipped
t1_ovejpm8,Skipped
t1_oveolbr,Skipped
t1_ovelr8r,Skipped
t1_ovemtck,Skipped
t1_ovekedd,Skipped
t1_ovemn6i,Skipped
t1_ovgf2na,Skipped
t1_oveqzwk,Skipped
t1_ovejup7,Skipped
t1_ovgixic,Skipped
t1_oven8ms,Skipped
t1_ovelvf2,Skipped
t1_ovekkxn,Skipped
t1_ovep5vs,Skipped
t1_ovekggh,Skipped
t1_ovelnnf,Skipped
t1_ovem5xv,Skipped
t1_ovejof9,Skipped
t1_ovempzk,Skipped
t1_oveonar,Skipped
t1_ovenj48,Skipped
t1_ovenu4n,Skipped
t1_over0t1,Skipped
t1_overfv6,Skipped
t1_oveqiya,Skipped
t1_over4uc,Skipped
t1_overk6d,Skipped
t1_overzy2,Skipped
t1_ovesccl,Skipped
t1_ovesx56,Skipped
t1_ovet7f8,Skipped
t1_oveuv7t,Skipped
t1_ovbcrjm,Skipped
t1_ovetzmk,Skipped
t1_ovev3qd,Skipped
t1_ovbd5qq,Skipped
t1_ovbcv5b,Skipped
t1_ovbfk0m,Skipped
t1_ovevzjf,Skipped
t1_ovbo316,Skipped
t1_ovbc6p4,Skipped
t1_ovcagny,Skipped
t1_ovbhksw,Skipped
t1_ovcgu9d,Skipped
t1_ovbcue5,Skipped
t1_ovbgjet,Skipped
t1_ovbgmam,Skipped
t1_ovbeevm,Skipped
t1_ovbhp7q,Skipped
t1_ovbe0nf,Skipped
t1_ovcqkb7,Skipped
t1_ovc320x,Skipped
t1_ovcps06,Skipped
t1_ovbmp2m,Skipped
t1_ovbe8re,Skipped
t1_oveq3zl,Skipped
t1_ovbcnv6,Skipped
t1_ovdyuao,Skipped
t1_ovcsl34,Skipped
t1_ovcacfh,Skipped
t1_ovbmb12,Skipped
t1_ovd7ooc,Skipped
t1_ovcjzlk,Skipped
t1_ovcvpbt,Skipped
t1_ovdl9g5,Skipped
t1_ovd7p6m,Skipped
t1_ovfnox5,Skipped
t1_ovep127,Skipped
t1_ovd85xn,Skipped
t1_ovfdps1,Skipped
t1_ovbfax4,Skipped
t1_ovegrux,Skipped
t1_ovfostx,Skipped
t1_ovddhi8,Skipped
t1_ovbdyfm,Skipped
t1_oveujqm,Skipped
t1_ovdbqxe,Skipped
t1_ovbjqe5,Skipped
t1_ovday8z,Skipped
t1_ovbcn3n,Skipped
t1_ovbdoqy,Skipped
t1_ovdsf5u,Skipped
t1_ovfoe3x,Skipped
t1_ovbcldi,Skipped
t1_ovgjsjw,Skipped
t1_ovftq9s,Skipped
t1_ovghqz2,Skipped
t1_ovgj47n,Skipped
t1_ovghrzi,Skipped
t1_ovghw7v,Skipped
t1_ovghzo2,Skipped
t1_ovgiwv0,Skipped
t1_ovgr72f,Skipped
t1_ovgiy24,Skipped
t1_ovgmkkq,Skipped
t1_ovgm6br,Skipped
t1_ovgsfhj,Skipped
t1_ovgi033,Skipped
t1_ovgiyll,Skipped
t1_ovgnet9,Skipped
t1_ovgpafj,Skipped
t1_ovgs5w1,Skipped
t1_ovgs4pl,Skipped
t1_ovgscaf,Skipped
t1_ovgtj22,Skipped
t1_ovgppqw,Skipped
t1_ovgkg1w,Skipped
t1_ovgyjrd,Skipped
t1_ovgz7hf,Skipped
t1_ovh0vqi,Skipped
t1_ovh3s58,Skipped
t1_ovh3wb0,Skipped
t1_ovh4skm,Skipped
t1_ovh50th,Skipped
t1_ovh4ykw,Skipped
t1_ovgjue4,Skipped
t1_ovgjtr4,Skipped
t1_ovgmyrj,Skipped
t1_ovgrd9k,Skipped
t1_ovgl81e,Skipped
t1_ovgpe1p,Skipped
t1_ovgol1x,Skipped
t1_ovgupmh,Skipped
t1_ovgyr87,Skipped
t1_ovgnkjs,Skipped
t1_ovh0vhv,Skipped
t1_ovgqjlx,Skipped
t1_ovgrsaj,Skipped
t1_ovgo43w,Skipped
t1_ovgt7lk,Skipped
t1_ovgp1xd,Skipped
t1_ovh3jja,Skipped
t1_ovh4oht,Skipped
t1_ovh3wbp,Skipped
t1_ovh40by,Skipped
t1_ovh3mir,Skipped
t1_ovh388v,Skipped
t1_ovh5h0o,Skipped
t1_ovh59ga,Skipped
t1_ovh4kcl,Skipped
t1_ovh541y,Skipped
t1_ovh4p75,Skipped
t1_ovh4ucw,Skipped
t1_ovh60xs,Skipped
t1_ovh5ewg,Skipped
t1_ovh5mse,Skipped
t1_ovh4t9m,Skipped
t1_ovh6ngu,Skipped
t1_ovh6eie,Skipped
t1_ovh61az,Skipped
t1_ovh6wos,Skipped
t1_ovh6w4s,Skipped
t1_ovh7bwk,Skipped
t1_ovh4kqv,Skipped
t1_ovh3wji,Skipped
t1_ovh3n11,Skipped
t1_ovh5240,Skipped
t1_ovdnzxt,Skipped
t1_ovh44on,Skipped
t1_ovh4if3,Skipped
t1_ovh3z99,Skipped
t1_ovdookr,Skipped
t1_ove1qik,Skipped
t1_ove7cc1,Skipped
t1_ovdw2rv,Skipped
t1_oveuuwv,Skipped
t1_ovdupe5,Skipped
t1_ovdo7tq,Skipped
t1_ovdsxtg,Skipped
t1_ovdonsm,Skipped
t1_oveyggb,Skipped
t1_ovdtga3,Skipped
t1_ovfr7u0,Skipped
t1_ovdy8wr,Skipped
t1_ovdtgdu,Skipped
t1_ovdo50d,Skipped
t1_ove55y5,Skipped
t1_ovegtho,Skipped
t1_ovffzgg,Skipped
t1_ovfi226,Skipped
t1_ovfpm22,Skipped
t1_ovf0tek,Skipped
t1_ovfhivt,Skipped
t1_ovfldjb,Skipped
t1_ovdr96t,Skipped
t1_ovg4o65,Skipped
t1_ovfysdi,Skipped
t1_ovdzexq,Skipped
t1_oveed4b,Skipped
t1_ovezgop,Skipped
t1_oveherq,Skipped
t1_oveth3a,Skipped
t1_ovfd581,Skipped
t1_ovfdmzp,Skipped
t1_ovgmplj,Skipped
t1_ovgzzjg,Skipped
t1_ovgklbw,Skipped
t1_ovdsvz3,Skipped
t1_ove7hir,Skipped
t1_ovdwpv5,Skipped
t1_ove23be,Skipped
t1_ovdyunx,Skipped
t1_ovdzzr7,Skipped
t1_ove25jh,Skipped
t1_ove5w7c,Skipped
t1_ove6o8z,Skipped
t1_ove5nz0,Skipped
t1_oveacm1,Skipped
t1_oveagk6,Skipped
t1_oveaw1l,Skipped
t1_ovd785y,Skipped
t1_ovcxsd9,Skipped
t1_ovdei7s,Skipped
t1_ovcyfkr,Skipped
t1_ovdah2i,Skipped
t1_ovczjzz,Skipped
t1_ovdfyd7,Skipped
t1_ovd4h38,Skipped
t1_ovdn7pt,Skipped
t1_ovcyed1,Skipped
t1_ovcyrpg,Skipped
t1_ovd3vcv,Skipped
t1_ovd0cok,Skipped
t1_ovgdltd,Skipped
t1_oveefq2,Skipped
t1_ovgexdq,Skipped
t1_ovcy2il,Skipped
t1_ovde99h,Skipped
t1_ovefspf,Skipped
t1_ovdo3go,Skipped
t1_ovdv4mo,Skipped
t1_ovd20fz,Skipped
t1_ovdh4rm,Skipped
t1_ovdefd8,Skipped
t1_ovd95ls,Skipped
t1_ovetszt,Skipped
t1_ovg1myr,Skipped
t1_ovg53mm,Skipped
t1_ovdnvjx,Skipped
t1_ovgt8d1,Skipped
t1_ovgnjgc,Skipped
t1_ovenugf,Skipped
t1_ovdvpyj,Skipped
t1_ovd45fb,Skipped
t1_ovax7d3,Skipped
t1_ovar5bs,Skipped
t1_ovd6mzv,Skipped
t1_ovar1eo,Skipped
t1_ovbuj7j,Skipped
t1_ovaqa18,Skipped
t1_ovct2ly,Skipped
t1_ovbgq8t,Skipped
t1_ovaqnav,Skipped
t1_ovbvvj1,Skipped
t1_ovarxxd,Skipped
t1_ovb3ueq,Skipped
t1_ovaqd5y,Skipped
t1_ovcb8at,Skipped
t1_ovb8j13,Skipped
t1_ovarkkc,Skipped
t1_ovcfmap,Skipped
t1_ovdptck,Skipped
t1_ovbhqnq,Skipped
t1_ovavgzs,Skipped
t1_ovd1g9y,Skipped
t1_ovba1gi,Skipped
t1_ovaqh9k,Skipped
t1_ovcvy99,Skipped
t1_ovasepj,Skipped
t1_ovc046v,Skipped
t1_ovdf9co,Skipped
t1_ovbkoy4,Skipped
t1_ovc5n8l,Skipped
t1_ovcozc4,Skipped
t1_ovdxz2h,Skipped
t1_ovaxap4,Skipped
t1_ovb4ufc,Skipped
t1_ovar8me,Skipped
t1_ovblvsf,Skipped
t1_ovb6qcb,Skipped
t1_ovaszuo,Skipped
t1_ovaw3ts,Skipped
t1_ovdy3cg,Skipped
t1_ovaw07a,Skipped
t1_ove0gxt,Skipped
t1_ovd4n2c,Skipped
t1_ovbcues,Skipped
t1_ovatas7,Skipped
t1_ovassb8,Skipped
t1_ovazfe5,Skipped
t1_ovbgq23,Skipped
t1_ovarlhr,Skipped
t1_ovbl83b,Skipped
t1_ovarnzv,Skipped
t1_ovatknc,Skipped
t1_ov9c45m,Skipped
t1_ov9cz1k,Skipped
t1_ov9c0ep,Skipped
t1_ov9bppm,Skipped
t1_ova98zj,Skipped
t1_ov9eqa2,Skipped
t1_ovcapf2,Skipped
t1_ovbd2fy,Skipped
t1_ovabwvd,Skipped
t1_ovahl5t,Skipped
t1_ov9kptz,Skipped
t1_ov9e32o,Skipped
t1_ov9dyqy,Skipped
t1_ov9jsnf,Skipped
t1_ov9ywh1,Skipped
t1_ov9o0gm,Skipped
t1_ova845r,Skipped
t1_ovap715,Skipped
t1_ovareeb,Skipped
t1_ov9d2fe,Skipped
t1_ov9brba,Skipped
t1_ovaahwl,Skipped
t1_ov9cigh,Skipped
t1_ov9ca7j,Skipped
t1_ovebwv1,Skipped
t1_ovaarro,Skipped
t1_ov9mblh,Skipped
t1_ovagiaz,Skipped
t1_ov9fir2,Skipped
t1_ovac36z,Skipped
t1_ova2wep,Skipped
t1_ovc1x9m,Skipped
t1_ovaqcj3,Skipped
t1_ov9iiiy,Skipped
t1_ovb79nn,Skipped
t1_ovbaucc,Skipped
t1_ovbagqv,Skipped
t1_ovbm1rt,Skipped
t1_ovarbya,Skipped
t1_ovbfx0q,Skipped
t1_ovbbagu,Skipped
t1_ova2q74,Skipped
t1_ovc1n2b,Skipped
t1_ovboboy,Skipped
t1_ov9yskr,Skipped
t1_ov9k7xx,Skipped
t1_ova7nmk,Skipped
t1_ov9dgqz,Skipped
t1_ov9zwnq,Skipped
t1_ova0ne6,Skipped
t1_ovgy67r,Skipped
t1_ovgye92,Skipped
t1_ovh07ac,Skipped
t1_ovgymqn,Skipped
t1_ovh3wye,Skipped
t1_ovgzzm5,Skipped
t1_ovgz5js,Skipped
t1_ovep451,Skipped
t1_ovetxs3,Skipped
t1_ovf3932,Skipped
t1_oveqdmx,Skipped
t1_ovetv6k,Skipped
t1_oveshtj,Skipped
t1_oveqdv4,Skipped
t1_ovesd3d,Skipped
t1_ovep4ex,Skipped
t1_ovepfbg,Skipped
t1_oveoyw0,Skipped
t1_over7ud,Skipped
t1_ovetcjk,Skipped
t1_oveyg0f,Skipped
t1_oversro,Skipped
t1_ovf01aq,Skipped
t1_ovetrkl,Skipped
t1_ovepbha,Skipped
t1_ovespyb,Skipped
t1_ovet8xb,Skipped
t1_ovev2b7,Skipped
t1_ovf7i46,Skipped
t1_ovevu4e,Skipped
t1_ovfgbku,Skipped
t1_ovfj591,Skipped
t1_ovfhr80,Skipped
t1_ovfbx54,Skipped
t1_ovfm5q5,Skipped
t1_ovfnrx8,Skipped
t1_ovflop9,Skipped
t1_ovfufxt,Skipped
t1_ovg0z9m,Skipped
t1_ovg4flp,Skipped
t1_ovgj4wi,Skipped
t1_ovg7li5,Skipped
t1_ovgn2sm,Skipped
t1_ovg76d2,Skipped
t1_ovet962,Skipped
t1_overefk,Skipped
t1_ovfo84m,Skipped
t1_ovetyv0,Skipped
t1_oveqhu0,Skipped
t1_ovfk1gl,Skipped
t1_ovexb3s,Skipped
t1_ovflclx,Skipped
t1_oveq94x,Skipped
t1_oves8bd,Skipped
t1_ovbqs5m,Skipped
t1_ovbofqn,Skipped
t1_ovbjsxu,Skipped
t1_ovc10iu,Skipped
t1_ovbir1v,Skipped
t1_ovc7pt9,Skipped
t1_ovbn65e,Skipped
t1_ovcu95j,Skipped
t1_ovbxn4s,Skipped
t1_ovbj0v0,Skipped
t1_ovdtqjv,Skipped
t1_ovc0jru,Skipped
t1_ovcrpfp,Skipped
t1_ovbio5n,Skipped
t1_ovcsu69,Skipped
t1_ovd0zwd,Skipped
t1_ovbpxeq,Skipped
t1_ovgdhs1,Skipped
t1_ovbl9qp,Skipped
t1_ovbni6x,Skipped
t1_ovcw8b5,Skipped
t1_ovds6rc,Skipped
t1_ovf47gg,Skipped
t1_ove2f40,Skipped
t1_oveqprp,Skipped
t1_ovfb0gw,Skipped
t1_ovgax31,Skipped
t1_ovfdkt2,Skipped
t1_ovgfj2s,Skipped
t1_ovh2bq5,Skipped
t1_ovgrnxi,Skipped
t1_ovgeb35,Skipped
t1_ovbl8bc,Skipped
t1_ovblq0a,Skipped
t1_ovd5lt6,Skipped
t1_ovbkxqe,Skipped
t1_oveitx0,Skipped
t1_ovcheet,Skipped
t1_ovboxu9,Skipped
t1_ovd8t09,Skipped
t1_ovg7hn6,Skipped
t1_ovbmagi,Skipped
t1_ovc419d,Skipped
t1_ovc2r7q,Skipped
t1_ove5mu8,Skipped
t1_ovc6edy,Skipped
t1_ovc42os,Skipped
t1_ovbmgn8,Skipped
t1_oveo2ke,Skipped
t1_ovd6fan,Skipped
