comment ID,toxicity
t1_ovgmvak,Low
t1_ovgmmnj,Low
t1_oryce92,Low
t1_oq83l2z,Low
t1_otdwlch,Low
t1_oryf40u,Low
t1_oq93k46,Low
t1_or1e3yd,Low
t1_ordnafz,Low
t1_ordja6n,Low
t1_ordn1r8,Low
t1_ordniw9,Low
t1_ordplvq,Low
t1_ordscws,Low
t1_ordvv91,Low
t1_orkg6nv,Low
t1_orqlwr7,Low
t1_orqni1t,Low
t1_orqvhli,Low
t1_orqwx1u,Low
t1_orqyxv3,Low
t1_orqzlsc,Low
t1_orri5v5,Low
t1_oryeuj3,Low
t1_orxlan1,Low
t1_orrm089,Low
t1_orxlgy9,Low
t1_orzed7z,Low
t1_orxmwiv,Low
t1_orzd1m6,Low
t1_orzd44l,Low
t1_os5jszf,Low
t1_os579d3,Low
t1_os5jv90,Low
t1_orzd5z5,Low
t1_os5k7kr,Low
t1_os5l05z,Low
t1_osbkyta,Low
t1_osbod1v,Low
t1_osbodlv,Low
t1_osbotov,Low
t1_os5k7pc,Low
t1_osbqk1s,Low
t1_osbqmfy,Low
t1_osbu4vr,Low
t1_osbrs0f,Low
t1_osbr02b,Low
t1_osbyj8s,Low
t1_osbrbz1,Low
t1_osbymrk,Low
t1_osc47gt,Low
t1_ovdq5yn,High
t1_osc0p9p,Low
t1_ove5q4y,Medium
t1_ovdusvs,Low
t1_ovdpo4o,Low
t1_ovdpkh0,Low
t1_ovepjn6,Low
t1_ovdqu8x,Low
t1_ovdr8mc,Low
t1_ovdrq41,Low
t1_ovdth6v,Medium
t1_ovf08tp,Low
t1_ovg9ibc,High
t1_ovdrky2,High
t1_ovfaycn,High
t1_ovdr5ex,High
t1_ovev93a,High
t1_ovext4o,Low
t1_ovgi2gl,High
t1_ovemo1n,Medium
t1_ovepjfx,High
t1_ovfl4q6,High
t1_ovfmmn5,Low
t1_ovey1v1,Low
t1_ovep7c2,High
t1_ovex9qe,Low
t1_ovf3g6l,Medium
t1_ovffmbk,Medium
t1_ovfnhbg,Medium
t1_ovewtex,Medium
t1_ovfjl1m,Low
t1_ovf9orn,Low
t1_ovgiesh,Low
t1_ovex602,High
t1_ovgmwbb,Low
t1_ovguu7x,Low
t1_ovgx78u,High
t1_ovf5fq4,High
t1_ovdwlxg,Low
t1_ove9vys,Low
t1_ove8wyw,Medium
t1_oveuilc,Low
t1_ovemot4,High
t1_ovexvgg,Low
t1_ovekzq0,Low
t1_oveqy3c,Low
t1_ovf2grd,Medium
t1_ovfb6gc,Low
t1_ovf5k72,High
t1_ovel6fd,Medium
t1_ovf7bqz,Low
t1_ovfefn7,Low
t1_ovejdnn,Low
t1_oven0o3,Low
t1_oven3wp,Low
t1_ovejtah,Low
t1_ovep0jl,High
t1_ovejz52,Low
t1_ovepnay,Low
t1_ovejhs7,High
t1_ovem4u4,Low
t1_ovejoo7,Low
t1_ovek8j5,Low
t1_ovek5ew,Low
t1_ovfte5m,High
t1_over77o,Low
t1_ovejpm8,Medium
t1_oveolbr,Low
t1_ovelr8r,Low
t1_ovemtck,Low
t1_ovekedd,Low
t1_ovemn6i,Low
t1_ovgf2na,Low
t1_oveqzwk,Low
t1_ovejup7,Low
t1_ovgixic,High
t1_oven8ms,Low
t1_ovelvf2,Medium
t1_ovekkxn,Low
t1_ovep5vs,Low
t1_ovekggh,Low
t1_ovelnnf,Low
t1_ovem5xv,Medium
t1_ovejof9,Low
t1_ovempzk,Low
t1_oveonar,Low
t1_ovenj48,Low
t1_ovenu4n,Low
t1_over0t1,Low
t1_overfv6,High
t1_oveqiya,Low
t1_over4uc,Low
t1_overk6d,Low
t1_overzy2,Low
t1_ovesccl,Low
t1_ovesx56,Low
t1_ovet7f8,Medium
t1_oveuv7t,Low
t1_ovbcrjm,High
t1_ovetzmk,Low
t1_ovev3qd,Low
t1_ovbd5qq,High
t1_ovbcv5b,High
t1_ovbfk0m,Low
t1_ovevzjf,High
t1_ovbo316,Low
t1_ovbc6p4,Low
t1_ovcagny,Low
t1_ovbhksw,High
t1_ovcgu9d,Low
t1_ovbcue5,Low
t1_ovbgjet,Low
t1_ovbgmam,Medium
t1_ovbeevm,Low
t1_ovbhp7q,High
t1_ovbe0nf,Low
t1_ovcqkb7,Low
t1_ovc320x,Low
t1_ovcps06,High
t1_ovbmp2m,High
t1_ovbe8re,High
t1_oveq3zl,Low
t1_ovbcnv6,High
t1_ovdyuao,Low
t1_ovcsl34,High
t1_ovcacfh,Low
t1_ovbmb12,High
t1_ovd7ooc,Low
t1_ovcjzlk,High
t1_ovcvpbt,Medium
t1_ovdl9g5,Low
t1_ovd7p6m,High
t1_ovfnox5,High
t1_ovep127,Low
t1_ovd85xn,Medium
t1_ovfdps1,Low
t1_ovbfax4,Low
t1_ovegrux,High
t1_ovfostx,Low
t1_ovddhi8,Medium
t1_ovbdyfm,High
t1_oveujqm,Low
t1_ovdbqxe,Medium
t1_ovbjqe5,Medium
t1_ovday8z,High
t1_ovbcn3n,Medium
t1_ovbdoqy,High
t1_ovdsf5u,Low
t1_ovfoe3x,Low
t1_ovbcldi,High
t1_ovgjsjw,Low
t1_ovftq9s,Low
t1_ovghqz2,Medium
t1_ovgj47n,Medium
t1_ovghrzi,High
t1_ovghw7v,Low
t1_ovghzo2,Medium
t1_ovgiwv0,Low
t1_ovgr72f,Low
t1_ovgiy24,High
t1_ovgmkkq,Low
t1_ovgm6br,Low
t1_ovgsfhj,Low
t1_ovgi033,High
t1_ovgiyll,High
t1_ovgnet9,Low
t1_ovgpafj,Medium
t1_ovgs5w1,High
t1_ovgs4pl,High
t1_ovgscaf,Low
t1_ovgtj22,Medium
t1_ovgppqw,High
t1_ovgkg1w,High
t1_ovgyjrd,Low
t1_ovgz7hf,High
t1_ovh0vqi,High
t1_ovh3s58,High
t1_ovh3wb0,Low
t1_ovh4skm,High
t1_ovh50th,High
t1_ovh4ykw,High
t1_ovgjue4,High
t1_ovgjtr4,High
t1_ovgmyrj,High
t1_ovgrd9k,High
t1_ovgl81e,Medium
t1_ovgpe1p,Low
t1_ovgol1x,Low
t1_ovgupmh,High
t1_ovgyr87,Low
t1_ovgnkjs,High
t1_ovh0vhv,Low
t1_ovgqjlx,Medium
t1_ovgrsaj,Medium
t1_ovgo43w,High
t1_ovgt7lk,High
t1_ovgp1xd,Low
t1_ovh3jja,Low
t1_ovh4oht,Low
t1_ovh3wbp,High
t1_ovh40by,Low
t1_ovh3mir,Low
t1_ovh388v,Low
t1_ovh5h0o,Medium
t1_ovh59ga,Medium
t1_ovh4kcl,Low
t1_ovh541y,Low
t1_ovh4p75,Low
t1_ovh4ucw,Low
t1_ovh60xs,Low
t1_ovh5ewg,Low
t1_ovh5mse,Low
t1_ovh4t9m,Low
t1_ovh6ngu,Low
t1_ovh6eie,Low
t1_ovh61az,Low
t1_ovh6wos,Low
t1_ovh6w4s,Low
t1_ovh7bwk,Medium
t1_ovh4kqv,Low
t1_ovh3wji,High
t1_ovh3n11,Medium
t1_ovh5240,Low
t1_ovdnzxt,Low
t1_ovh44on,High
t1_ovh4if3,Low
t1_ovh3z99,Low
t1_ovdookr,Medium
t1_ove1qik,Low
t1_ove7cc1,Low
t1_ovdw2rv,Low
t1_oveuuwv,Medium
t1_ovdupe5,Low
t1_ovdo7tq,Medium
t1_ovdsxtg,Low
t1_ovdonsm,Low
t1_oveyggb,High
t1_ovdtga3,Low
t1_ovfr7u0,Low
t1_ovdy8wr,Low
t1_ovdtgdu,Low
t1_ovdo50d,Low
t1_ove55y5,Low
t1_ovegtho,Low
t1_ovffzgg,Low
t1_ovfi226,Low
t1_ovfpm22,Low
t1_ovf0tek,Medium
t1_ovfhivt,Medium
t1_ovfldjb,High
t1_ovdr96t,Low
t1_ovg4o65,Medium
t1_ovfysdi,Low
t1_ovdzexq,Low
t1_oveed4b,Low
t1_ovezgop,Low
t1_oveherq,Low
t1_oveth3a,Medium
t1_ovfd581,High
t1_ovfdmzp,Medium
t1_ovgmplj,Low
t1_ovgzzjg,Low
t1_ovgklbw,Low
t1_ovdsvz3,Low
t1_ove7hir,Low
t1_ovdwpv5,Medium
t1_ove23be,Low
t1_ovdyunx,High
t1_ovdzzr7,Low
t1_ove25jh,Low
t1_ove5w7c,Low
t1_ove6o8z,Medium
t1_ove5nz0,Low
t1_oveacm1,Low
t1_oveagk6,High
t1_oveaw1l,Low
t1_ovd785y,Low
t1_ovcxsd9,High
t1_ovdei7s,Low
t1_ovcyfkr,Medium
t1_ovdah2i,Low
t1_ovczjzz,High
t1_ovdfyd7,Low
t1_ovd4h38,High
t1_ovdn7pt,Medium
t1_ovcyed1,Low
t1_ovcyrpg,High
t1_ovd3vcv,Low
t1_ovd0cok,High
t1_ovgdltd,High
t1_oveefq2,Low
t1_ovgexdq,Medium
t1_ovcy2il,High
t1_ovde99h,Low
t1_ovefspf,High
t1_ovdo3go,High
t1_ovdv4mo,High
t1_ovd20fz,Low
t1_ovdh4rm,Low
t1_ovdefd8,Low
t1_ovd95ls,Low
t1_ovetszt,Low
t1_ovg1myr,High
t1_ovg53mm,Medium
t1_ovdnvjx,Low
t1_ovgt8d1,Low
t1_ovgnjgc,Medium
t1_ovenugf,Medium
t1_ovdvpyj,Low
t1_ovd45fb,High
t1_ovax7d3,Low
t1_ovar5bs,Low
t1_ovd6mzv,High
t1_ovar1eo,Low
t1_ovbuj7j,Low
t1_ovaqa18,Low
t1_ovct2ly,Low
t1_ovbgq8t,Low
t1_ovaqnav,Medium
t1_ovbvvj1,Low
t1_ovarxxd,Low
t1_ovb3ueq,Low
t1_ovaqd5y,Low
t1_ovcb8at,Low
t1_ovb8j13,Low
t1_ovarkkc,Low
t1_ovcfmap,Low
t1_ovdptck,Low
t1_ovbhqnq,Low
t1_ovavgzs,High
t1_ovd1g9y,Low
t1_ovba1gi,Low
t1_ovaqh9k,Low
t1_ovcvy99,Low
t1_ovasepj,Low
t1_ovc046v,Low
t1_ovdf9co,High
t1_ovbkoy4,Low
t1_ovc5n8l,Medium
t1_ovcozc4,Low
t1_ovdxz2h,Low
t1_ovaxap4,Low
t1_ovb4ufc,High
t1_ovar8me,Low
t1_ovblvsf,Low
t1_ovb6qcb,Medium
t1_ovaszuo,Low
t1_ovaw3ts,Low
t1_ovdy3cg,Low
t1_ovaw07a,Low
t1_ove0gxt,Low
t1_ovd4n2c,High
t1_ovbcues,Low
t1_ovatas7,Low
t1_ovassb8,Low
t1_ovazfe5,Medium
t1_ovbgq23,Low
t1_ovarlhr,Low
t1_ovbl83b,High
t1_ovarnzv,Low
t1_ovatknc,Medium
t1_ov9c45m,Low
t1_ov9cz1k,Low
t1_ov9c0ep,Low
t1_ov9bppm,High
t1_ova98zj,Low
t1_ov9eqa2,Medium
t1_ovcapf2,Medium
t1_ovbd2fy,Medium
t1_ovabwvd,High
t1_ovahl5t,Low
t1_ov9kptz,High
t1_ov9e32o,Low
t1_ov9dyqy,Low
t1_ov9jsnf,High
t1_ov9ywh1,Low
t1_ov9o0gm,Low
t1_ova845r,Low
t1_ovap715,High
t1_ovareeb,Medium
t1_ov9d2fe,Low
t1_ov9brba,Low
t1_ovaahwl,High
t1_ov9cigh,Low
t1_ov9ca7j,Low
t1_ovebwv1,Low
t1_ovaarro,High
t1_ov9mblh,Low
t1_ovagiaz,Low
t1_ov9fir2,Low
t1_ovac36z,Medium
t1_ova2wep,High
t1_ovc1x9m,Low
t1_ovaqcj3,Medium
t1_ov9iiiy,Low
t1_ovb79nn,High
t1_ovbaucc,Medium
t1_ovbagqv,Low
t1_ovbm1rt,Low
t1_ovarbya,Low
t1_ovbfx0q,Low
t1_ovbbagu,Medium
t1_ova2q74,Medium
t1_ovc1n2b,High
t1_ovboboy,High
t1_ov9yskr,Low
t1_ov9k7xx,Medium
t1_ova7nmk,Low
t1_ov9dgqz,Medium
t1_ov9zwnq,Medium
t1_ova0ne6,High
t1_ovgy67r,Low
t1_ovgye92,Low
t1_ovh07ac,Medium
t1_ovgymqn,Low
t1_ovh3wye,Low
t1_ovgzzm5,High
t1_ovgz5js,Low
t1_ovep451,Low
t1_ovetxs3,Low
t1_ovf3932,Medium
t1_oveqdmx,Low
t1_ovetv6k,Low
t1_oveshtj,Low
t1_oveqdv4,Low
t1_ovesd3d,Low
t1_ovep4ex,Low
t1_ovepfbg,Low
t1_oveoyw0,Low
t1_over7ud,Low
t1_ovetcjk,Low
t1_oveyg0f,Low
t1_oversro,Low
t1_ovf01aq,Medium
t1_ovetrkl,Low
t1_ovepbha,Low
t1_ovespyb,Low
t1_ovet8xb,Low
t1_ovev2b7,Low
t1_ovf7i46,Low
t1_ovevu4e,Low
t1_ovfgbku,Low
t1_ovfj591,Low
t1_ovfhr80,Low
t1_ovfbx54,Medium
t1_ovfm5q5,High
t1_ovfnrx8,Low
t1_ovflop9,Low
t1_ovfufxt,Low
t1_ovg0z9m,Low
t1_ovg4flp,Medium
t1_ovgj4wi,Low
t1_ovg7li5,High
t1_ovgn2sm,Low
t1_ovg76d2,Low
t1_ovet962,Medium
t1_overefk,Low
t1_ovfo84m,Medium
t1_ovetyv0,Low
t1_oveqhu0,Medium
t1_ovfk1gl,Low
t1_ovexb3s,Medium
t1_ovflclx,Low
t1_oveq94x,High
t1_oves8bd,High
t1_ovbqs5m,Medium
t1_ovbofqn,High
t1_ovbjsxu,Low
t1_ovc10iu,Low
t1_ovbir1v,High
t1_ovc7pt9,High
t1_ovbn65e,Low
t1_ovcu95j,Low
t1_ovbxn4s,High
t1_ovbj0v0,High
t1_ovdtqjv,High
t1_ovc0jru,Low
t1_ovcrpfp,High
t1_ovbio5n,Low
t1_ovcsu69,Low
t1_ovd0zwd,High
t1_ovbpxeq,Medium
t1_ovgdhs1,Low
t1_ovbl9qp,Low
t1_ovbni6x,Medium
t1_ovcw8b5,High
t1_ovds6rc,Low
t1_ovf47gg,High
t1_ove2f40,Medium
t1_oveqprp,Medium
t1_ovfb0gw,Low
t1_ovgax31,Low
t1_ovfdkt2,Low
t1_ovgfj2s,High
t1_ovh2bq5,Low
t1_ovgrnxi,Low
t1_ovgeb35,Medium
t1_ovbl8bc,Medium
t1_ovblq0a,Low
t1_ovd5lt6,Medium
t1_ovbkxqe,Low
t1_oveitx0,High
t1_ovcheet,Low
t1_ovboxu9,Low
t1_ovd8t09,High
t1_ovg7hn6,High
t1_ovbmagi,Low
t1_ovc419d,High
t1_ovc2r7q,Low
t1_ove5mu8,High
t1_ovc6edy,Medium
t1_ovc42os,Medium
t1_ovbmgn8,Medium
t1_oveo2ke,High
t1_ovd6fan,High
