post ID,topics
t3_1tz3yb5,"reddit, community, weekly thread, questions"
t3_1un41yf,"Clair Obscur, game design, decision-making"
t3_1umsrkx,"consoles, GTA VI, gaming"
t3_1umoa5m,"game AI, game difficulty, game design, Civilization"
t3_1umf2kq,"Tomb Raider, Nintendo Switch 2, performance, frame rate"
t3_1umoijb,"Steam Machine, consoles, hardware failure"
t3_1un13yl,"self-promotion, streaming, community, twitch, youtube"
t3_1uml8c6,"Sony, PS5, digital-only, physical media"
t3_1ulxnqz,"game preservation, libraries, consumer rights"
t3_1ums1yp,"digital-only, delisted games, physical media"
t3_1uml0yf,"Final Fantasy VII, deals, Steam, Switch 2"
t3_1umocfi,"AAA games, indie games, gaming industry, consumer choice"
t3_1umblkg,"Cyberpunk 2077, CD Projekt, sales figures"
t3_1umg48i,"Kingdom Come Deliverance, microtransactions, in-game purchases"
t3_1umebwz,"Steam Machine, GPU failure, hardware issue"
t3_1un39x2,"Doomslayer, cosplay, fan art"
t3_1umlx51,"nostalgia, retro gaming, physical media, Half-Life"
t3_1um4j77,"game ownership, physical media, licensing rights, consumer advocacy"
t3_1um1vrd,"Sony, PlayStation, physical media, manufacturing"
t3_1un1ozd,"underrated games, gaming recommendations, community"
t3_1umn6gc,"Danganronpa, game delays, release date"
t3_1un0vr4,"Sony, monetization, digital market, PS5"
t3_1umb6tl,"boss fights, gaming moments, gameplay"
t3_1umg43w,"retro gaming, discovery, attic find"
t3_1uloxhr,"Sony, controversy, physical media, social media backlash"
t3_1ulw262,"gaming industry, consumer impact"
t3_1umy5ir,"Westwood Studios, interview, game history"
t3_1umlgev,"JRPGs, strategy RPGs, game recommendations"
t3_1un4miw,"preorders, launch bugs, game regrets"
t3_1ulriy8,"Suicide Squad game, game developers, industry failure"
t3_1ultp7a,"Shantae, game release, indie games"
t3_1umls9f,"game mechanics, climbing in games, level design"
t3_1ulydb9,"physical media, libraries, internet access, game companies"
t3_1ulkawe,"Obsidian Entertainment, Xbox, game studio acquisitions, layoffs"
t3_1ulohys,"gaming library, emulation, positive mindset, backlog"
t3_1ull91x,"Obsidian, Fallout, Jason Schreier, rumors"
t3_1ulmomt,"Steam Machine, hardware review, PlayStation executives"
t3_1ul3qtu,"game industry, digital-only, consumer frustration, pricing"
t3_1ultth9,"Divinity: Original Sin 2, Baldur's Gate 3, RPG mechanics, game advice"
t3_1um06zm,"console accessories, hardware maintenance, controller repair"
t3_1ul755y,"Nintendo, employee salaries, game industry business"
t3_1ullpnf,"Ontos game, Frictional Games, horror games, game delays"
t3_1un2cob,"game preservation, digital-only, consumer rights, digital ownership"
t3_1ulyaux,"game difficulty, gameplay recommendations, game design"
t3_1ulxo18,"Final Fantasy VII, expansion pass, DLC"
t3_1ukua2v,Skipped
t3_1uknlva,Skipped
t3_1ukjpwj,Skipped
t3_1ukvhn5,Skipped
t3_1umtyzb,Skipped
t3_1ukmq74,Skipped
t3_1uksl7r,Skipped
t3_1uknnkg,Skipped
t3_1umtjn8,Skipped
t3_1ulhnlu,Skipped
t3_1umqmo6,Skipped
t3_1ukierz,Skipped
t3_1ulh94q,Skipped
t3_1ulpc98,Skipped
t3_1ulccyf,Skipped
t3_1umy59i,Skipped
t3_1umldqs,Skipped
t3_1ukitcq,Skipped
t3_1ulfkxf,Skipped
t3_1uky8va,Skipped
t3_1umop3t,Skipped
t3_1ukjz5u,Skipped
t3_1uk0gh5,Skipped
t3_1ukovfh,Skipped
t3_1ul2vxe,Skipped
t3_1umlkht,Skipped
t3_1ulqlvz,Skipped
t3_1ums3ix,Skipped
t3_1ukrknb,Skipped
t3_1um63n9,Skipped
t3_1ume7t6,Skipped
t3_1ukl8et,Skipped
t3_1ulssib,Skipped
t3_1uml0vk,Skipped
t3_1ukgabn,Skipped
t3_1uk68g5,Skipped
t3_1ukua0n,Skipped
t3_1uke8xf,Skipped
t3_1ummz3u,Skipped
t3_1ujryj2,Skipped
t3_1ukfw4a,Skipped
t3_1ukfxug,Skipped
t3_1ulvpph,Skipped
t3_1ujv61q,Skipped
t3_1uklwj4,Skipped
t3_1ujppod,Skipped
t3_1uka9i9,Skipped
t3_1um0en4,Skipped
t3_1umbeft,Skipped
t3_1ulysp7,Skipped
t3_1ujwtm1,Skipped
t3_1ujjnmh,Skipped
t3_1ukkhnk,Skipped
t3_1uk2ms0,Skipped
