comment ID,topics
t1_ovgmvak,"Deltarune, Undertale, Toby Fox"
t1_ovgmmnj,"games, YouTuber, streaming, Destiny 2, Marathon"
t1_oryce92,"community, questions, thread"
t1_oq83l2z,"CPU, simulation games, Dwarf Fortress, World Box, Rimworld, Factorio"
t1_otdwlch,"headphones, Prime Day deals"
t1_oryf40u,"weekly,thread,answers,need"
t1_oq93k46,"Tomodachi,LTD,games"
t1_or1e3yd,"games,long, distance, girlfriends,live service,f2p,girlfriends"
t1_ordnafz,"questions,community,helpful"
t1_ordja6n,"thread,questions,small"
t1_ordn1r8,"thread,questions,help"
t1_ordniw9,"thread,questions,help,community"
t1_ordplvq,"thread,questions"
t1_ordscws,"thread,week,questions"
t1_ordvv91,"thread,weekly,gaming,help,support"
t1_orkg6nv,"feedback, general"
t1_orqlwr7,"gaming, community, question"
t1_orqni1t,"gaming, community, question, help"
t1_orqvhli,"gaming, tips"
t1_orqwx1u,general
t1_orqyxv3,"help,gaming"
t1_orqzlsc,"thread,gaming,questions"
t1_orri5v5,"helpful,thread,gaming"
t1_oryeuj3,"thread,gaming"
t1_orxlan1,"thread,gaming"
t1_orrm089,"thread, questions, answers"
t1_orxlgy9,"thread, questions, answers"
t1_orzed7z,"thread, gaming"
t1_orxmwiv,"thread, questions, thanks"
t1_orzd1m6,"thread, thanks, help"
t1_orzd44l,"gaming, new-gamers, weekly-thread"
t1_os5jszf,"gaming, new-gamers, weekly-thread"
t1_os579d3,"gaming, gaming-advice, weekly-thread"
t1_os5jv90,"gaming, gaming-tips, week"
t1_orzd5z5,"weekly-thread, gaming, answers"
t1_os5k7kr,"community, weekly thread"
t1_os5l05z,"gaming, weekly thread, community"
t1_osbkyta,"gaming, weekly thread"
t1_osbod1v,"community, weekly thread"
t1_osbodlv,"community, weekly thread, gaming"
t1_osbotov,"community,help,gaming"
t1_os5k7pc,"gaming,questions,help"
t1_osbqk1s,"help,players,questions"
t1_osbqmfy,"questions,games,fun,learning"
t1_osbu4vr,"gaming,questions,help"
t1_osbrs0f,"gaming,thread,new players"
t1_osbr02b,"thread,beginners"
t1_osbyj8s,"thread,gaming,questions"
t1_osbrbz1,"thread,gaming,helpful"
t1_osbymrk,"gaming,helpful"
t1_osc47gt,"gaming,threads,community"
t1_ovdq5yn,"failures,switch,update,warnings"
t1_osc0p9p,"questions,helping,community"
t1_ove5q4y,"steam,bricked,machine"
t1_ovdusvs,"console,ring,death,hype,overhyped"
t1_ovdpo4o,"Switch, gaming"
t1_ovdpkh0,"Switch, PS3, gaming"
t1_ovepjn6,"Playstation, PS1, gaming"
t1_ovdqu8x,"PS3, leds"
t1_ovdr8mc,"Steam, gaming"
t1_ovdrq41,"Ventilation,Steam Machines,Overheating"
t1_ovdth6v,"Steam Deck, Death, Levels"
t1_ovf08tp,"Red Ring of Death,PS1,Hack"
t1_ovg9ibc,"Disc Read Error,PS2"
t1_ovdrky2,"Sony Failure, Disappointment"
t1_ovfaycn,"gamecube, reading-discs"
t1_ovdr5ex,"ps3, game-switch"
t1_ovev93a,"xbox, red-ring, xbox-360"
t1_ovext4o,"devices, doa-units"
t1_ovgi2gl,"xbox, 360, red-ring"
t1_ovemo1n,"PS3,Yellow Light of Death,backward compatibility,gaming"
t1_ovepjfx,"PS3,Yellow Light of Death,gaming,birthday"
t1_ovfl4q6,"Xbox 360,red ring of death,gaming"
t1_ovfmmn5,"Xbox 360,red ring of death,gaming,Steam"
t1_ovey1v1,"Steam,red line of death,gaming"
t1_ovep7c2,"PS3, gaming"
t1_ovex9qe,"humor, idioms"
t1_ovf3g6l,"PS3, PS2, gaming, hardware"
t1_ovffmbk,"pc, bsod, gaming, hardware"
t1_ovfnhbg,"console, pc, gaming, hardware"
t1_ovewtex,"PC components, defective laptops, prebuilt PCs, xbox, steam machine"
t1_ovfjl1m,"Steam Machine, launch failure, issues on day one"
t1_ovf9orn,"Nintendo Switch, Orange Screen of Death"
t1_ovgiesh,"PlayStation 3, YLOD, launch unit"
t1_ovex602,"YLOD, defective console"
t1_ovgmwbb,"PS3, tech, gaming"
t1_ovguu7x,"console, integrations, hardware"
t1_ovgx78u,"early adoption, gaming"
t1_ovf5fq4,"console, gaming, industry"
t1_ovdwlxg,"Xbox, RROD, tech"
t1_ove9vys,"switch, console, gaming, hardware"
t1_ove8wyw,"ps3, psn, problem, gaming"
t1_oveuilc,"switch, osd, hardware"
t1_ovemot4,"xbox 360, gaming"
t1_ovexvgg,"gaming, console"
t1_ovekzq0,fraternities
t1_oveqy3c,"gaming,Playable"
t1_ovf2grd,"xbox,360,frozen"
t1_ovfb6gc,loss
t1_ovf5k72,"steam,machine"
t1_ovel6fd,"game,soundtrack"
t1_ovf7bqz,"console,360"
t1_ovfefn7,"switch,errors"
t1_ovejdnn,story
t1_oven0o3,"games,preservation"
t1_oven3wp,"mario, gamedev, consolegaming"
t1_ovejtah,"ps5, jailbreak, gaming"
t1_ovep0jl,"gaming, consolegaming, emulators"
t1_ovejz52,"gaming, emulation, preservation"
t1_ovepnay,"ps3, gaming, cfw"
t1_ovejhs7,"discs,games,digital store"
t1_ovem4u4,"Driver San Fransisco,games,existence"
t1_ovejoo7,"Mercenaries 2,games"
t1_ovek8j5,"Steam,Steam library,games"
t1_ovek5ew,"Steam library,games"
t1_ovfte5m,"music,licenses,game,shooters"
t1_over77o,"hero,games"
t1_ovejpm8,"ps3,emu,games"
t1_oveolbr,"games,physical,media,digital"
t1_ovelr8r,"games,art,example"
t1_ovemtck,"dreamcast, collection, 360"
t1_ovekedd,"steam, download, play"
t1_ovemn6i,"resident evil, outbreak, emu"
t1_ovgf2na,"gog, steam"
t1_oveqzwk,"pc, disc"
t1_ovejup7,games
t1_ovgixic,"torrent, pc, games"
t1_oven8ms,"steam, games"
t1_ovelvf2,"reddit, torrent"
t1_ovekkxn,"games, gaming, bundle"
t1_ovep5vs,"old games, online, tech"
t1_ovekggh,"Steam, games, nostalgia"
t1_ovelnnf,"story, video, Zero Punctuation"
t1_ovem5xv,"xbox, games, review"
t1_ovejof9,"PC, gaming, disappointment"
t1_ovempzk,story
t1_oveonar,game
t1_ovenj48,"games, value, years"
t1_ovenu4n,"games, steam"
t1_over0t1,"ps3, games"
t1_overfv6,"fps, white phosphorus, civilians"
t1_oveqiya,"Steam, PlayStation"
t1_over4uc,"fps, games"
t1_overk6d,"digital, archiving, games"
t1_overzy2,"games, Steam"
t1_ovesccl,Steam
t1_ovesx56,"pc, console"
t1_ovet7f8,"steam, pc"
t1_oveuv7t,pc
t1_ovbcrjm,"pc, valve, console, rood"
t1_ovetzmk,"game,fun"
t1_ovev3qd,"games,nostalgia"
t1_ovbd5qq,towels
t1_ovbcv5b,"xbox,deaths,nostalgia"
t1_ovbfk0m,"steam,console"
t1_ovevzjf,"Rockstar, Manhunt, PSN"
t1_ovbo316,hardware
t1_ovbc6p4,"adopters, beta"
t1_ovcagny,"HW failure, valve"
t1_ovbhksw,Valve
t1_ovcgu9d,"firmware update, hardware"
t1_ovbcue5,news
t1_ovbgjet,"towel, steam machine"
t1_ovbgmam,"hardware, valve, steam machine, RROD, Xbox 360"
t1_ovbeevm,"steam machine, firmware update"
t1_ovbhp7q,"pc components,faulty,returns"
t1_ovbe0nf,ptsd
t1_ovcqkb7,"report, shipment, news"
t1_ovc320x,"adoption, pre-ordering, money"
t1_ovcps06,"adoption, pre-ordering, money"
t1_ovbmp2m,"internet, sensationalism"
t1_ovbe8re,"sensationalism, internet"
t1_oveq3zl,"electronics, manufacturing, guarantee"
t1_ovbcnv6,"hardware, gpu, failure"
t1_ovdyuao,"failures, electronicdevice, normal"
t1_ovcsl34,"hardware, failure, launch, machine"
t1_ovcacfh,"console, pc"
t1_ovbmb12,"death, line"
t1_ovd7ooc,"steam, machine, xbox"
t1_ovcjzlk,"xbox, ptsd"
t1_ovcvpbt,"expensive, launch"
t1_ovdl9g5,"DOA, mentionable"
t1_ovd7p6m,"Linux, desktop"
t1_ovfnox5,"steam, red line, GTA"
t1_ovep127,"hardware, failure"
t1_ovd85xn,"manufacturing, defects, post"
t1_ovfdps1,emoji
t1_ovbfax4,user
t1_ovegrux,"manufacturing, errors"
t1_ovfostx,"xbox, pc"
t1_ovddhi8,"hardware, failure"
t1_ovbdyfm,"hardware, failure, switch"
t1_oveujqm,"gta6, part2"
t1_ovdbqxe,"hardware, failure"
t1_ovbjqe5,"hardware, switch, gta6"
t1_ovday8z,"Sega, console, hardware, PS3, games"
t1_ovbcn3n,"hardware, failures, valve"
t1_ovbdoqy,"hardware, faults, valve, sabotage"
t1_ovdsf5u,"hardware, failures, manufacturing"
t1_ovfoe3x,"GPU, firmware, hardware"
t1_ovbcldi,"gaming, valve, product"
t1_ovgjsjw,"gaming, modern, consoles"
t1_ovftq9s,"gaming, stans"
t1_ovghqz2,"gaming, console, digital, games"
t1_ovgj47n,"games, console, steam"
t1_ovghrzi,"price fixing,goodwill,PS3"
t1_ovghw7v,"hardware market,hardware,economy"
t1_ovghzo2,"PS6,leaving installed base,pennies"
t1_ovgiwv0,"evercade,console,gaming"
t1_ovgr72f,"installed base,selling games"
t1_ovgiy24,"second hand market, PS Plus, price hikes"
t1_ovgmkkq,"PS3, hubris"
t1_ovgm6br,dreamcasts
t1_ovgsfhj,"PS5, memory prices, next gen"
t1_ovgi033,"dumb decisions, next gen"
t1_ovgiyll,"playstation, profit"
t1_ovgnet9,monetization
t1_ovgpafj,"money, customers"
t1_ovgs5w1,"misinformation, fools"
t1_ovgs4pl,"installbase, monetization"
t1_ovgscaf,"gaming, install base, PS5"
t1_ovgtj22,"Nintendo Switch, cartridges, PS5"
t1_ovgppqw,"PSN, games, prices"
t1_ovgkg1w,"PS5, PS Plus, revenue"
t1_ovgyjrd,"PS6, PS5, gamers, transition"
t1_ovgz7hf,"CFO, business, decisions"
t1_ovh0vqi,money
t1_ovh3s58,"games, console"
t1_ovh3wb0,"games, release"
t1_ovh4skm,"games, console"
t1_ovh50th,"games, subscriptions, digital purchases"
t1_ovh4ykw,"corporate, profits, charging people twice"
t1_ovgjue4,"playstation, fans, defense, decisions"
t1_ovgjtr4,"monopoly, store fronts, installation, sources, playstationstore"
t1_ovgmyrj,"business, shareholders, gamers, charity"
t1_ovgrd9k,"console hardware, market, strategy"
t1_ovgl81e,"Steam, games, console"
t1_ovgpe1p,"business, monetization, games"
t1_ovgol1x,"monetization, business, games"
t1_ovgupmh,"Playstation, business, money, online features"
t1_ovgyr87,"image,source"
t1_ovgnkjs,"regulate,complaint,justice"
t1_ovh0vhv,"business,money,profit"
t1_ovgqjlx,"ps5,licenses,service"
t1_ovgrsaj,"innovation,value,customer,cost"
t1_ovgo43w,"gamers, company, greed"
t1_ovgt7lk,"network services, revenue, corporate"
t1_ovgp1xd,"manufacturing, ai, data centers"
t1_ovh3jja,action RPG
t1_ovh4oht,rhythm game
t1_ovh3wbp,"article, repetition"
t1_ovh40by,full frontal
t1_ovh3mir,game
t1_ovh388v,evaluation
t1_ovh5h0o,"format, digital"
t1_ovh59ga,"rpg, video games, gaming"
t1_ovh4kcl,
t1_ovh541y,"gaming, story"
t1_ovh4p75,"gaming, video games"
t1_ovh4ucw,"gaming, story"
t1_ovh60xs,"Final Fantasy,Persona,Sekiro,Devil May Cry,Journey"
t1_ovh5ewg,"games, budget"
t1_ovh5mse,games
t1_ovh4t9m,game
t1_ovh6ngu,"Sandfall, Vanillaware, games"
t1_ovh6eie,"debate, Endings"
t1_ovh61az,"otome, game"
t1_ovh6wos,"game, identity, choice"
t1_ovh6w4s,"risk, creative"
t1_ovh7bwk,"decisions, art"
t1_ovh4kqv,"gaming, ubisoft"
t1_ovh3wji,"ubisoft, employment, gaming"
t1_ovh3n11,"gaming, fear, women representation"
t1_ovh5240,"tv, movies, gaming"
t1_ovdnzxt,"gaming, ai, npc"
t1_ovh44on,"gaming, creativity, business, success"
t1_ovh4if3,AI
t1_ovh3z99,"gaming, criticism"
t1_ovdookr,"gaming, ai, development"
t1_ove1qik,"gaming, NPC intelligence"
t1_ove7cc1,"gameplay,simulation,game mechanics,fairness,art"
t1_ovdw2rv,"secret,favor,gameplay"
t1_oveuuwv,"AI,game development,state machine,GOAP,gameplay,AI techniques,design"
t1_ovdupe5,"game,arc raiders,enemy AI,AI tech,enemies,development"
t1_ovdo7tq,"gameplay,difficulty,AI,racing,bullet sponges,rubbery banding"
t1_ovdsxtg,"video games, AI, Half Life"
t1_ovdonsm,"video games, AI, enemy behavior"
t1_oveyggb,"Battlefield 6, AI"
t1_ovdtga3,"AI, video games"
t1_ovfr7u0,"AI, video games, innovation"
t1_ovdy8wr,"AI, Rocket League, game development, tech"
t1_ovdtgdu,"game AI, Breath of the Wild, video games"
t1_ovdo50d,"AI, NPC AI, game development, F.E.A.R."
t1_ove55y5,"game AI, AI War, AI War Fleet Command, game development"
t1_ovegtho,"aliens isolation, ai director, game AI, video games"
t1_ovffzgg,"gaming,youtube,NPCs,game,AI,resources,quests"
t1_ovfi226,"game,AI,the last of us"
t1_ovfpm22,"games,enemies,ai,MGSV,strategy,cheats"
t1_ovf0tek,"AI,games,player,complaints,fantasy"
t1_ovfhivt,"AI,games,explore,parameters,exploitable"
t1_ovfldjb,"games,difficulty,modern gamer"
t1_ovdr96t,"gta,fear"
t1_ovg4o65,"ai,npc,gamedesign"
t1_ovfysdi,"smart,design,aiclassifications"
t1_ovdzexq,"james bond,gta,chess"
t1_oveed4b,"FEAR,Aliens,FPS"
t1_ovezgop,"Total War,Rts,AiBehavior"
t1_oveherq,"FireEmblem,Strategy"
t1_oveth3a,"AiBehavior,Gamedev,Rts"
t1_ovfd581,"AIBalance,Gamedev,Gamefun"
t1_ovfdmzp,"game, development, ai"
t1_ovgmplj,"game, ai, difficulty, design"
t1_ovgzzjg,"game, ai, balance, difficulty"
t1_ovgklbw,"game, ai, alien, isolation"
t1_ovdsvz3,"game, ai, npc, experience"
t1_ove7hir,"Subnautica, AI, game development"
t1_ovdwpv5,"game development, enemy AI, FPS games"
t1_ove23be,technology
t1_ovdyunx,"AI, game development"
t1_ovdzzr7,"game development, AI, enemy AI"
t1_ove25jh,"machine learning,gaming,bot,game development"
t1_ove5w7c,"Redfall, ai"
t1_ove6o8z,"ai,gaming,logic,problem"
t1_ove5nz0,"enemy ai,gaming,gameplay,experience"
t1_oveacm1,"gaming,multiplayer,mechanic,difficulty"
t1_oveagk6,"gaming, cheating"
t1_oveaw1l,"AI, game_development"
t1_ovd785y,"history, internet_archive"
t1_ovcxsd9,"sales, sony"
t1_ovdei7s,"demand, supply, ps5"
t1_ovcyfkr,"ebay, scalpers, physical media"
t1_ovdah2i,"PS5, gaming"
t1_ovczjzz,"dropshipping, scalping"
t1_ovdfyd7,panic buying
t1_ovd4h38,"scalpers, gaming"
t1_ovdn7pt,"PS5, demand, consoles"
t1_ovcyed1,"gamestop, purchase, consoles"
t1_ovcyrpg,"scalpers, demand, ebay"
t1_ovd3vcv,"digital games, prices, expenses"
t1_ovd0cok,"consoles, physical media, gamers"
t1_ovgdltd,"ps5, ps6, price increase, disc drive"
t1_oveefq2,"scalpers, disc drives, ps6"
t1_ovgexdq,"digital store, retailers, psn store"
t1_ovcy2il,"ridiculous, consumers, psn"
t1_ovde99h,"psn, abandonment, gaming industry"
t1_ovefspf,"ownership, digital, capitalism"
t1_ovdo3go,"sony, marketing, scarcity, artificial"
t1_ovdv4mo,"sony, boycott"
t1_ovd20fz,"sony, ps5, stock, restock"
t1_ovdh4rm,"sony, ps6, backwards compatibility"
t1_ovdefd8,"gaming,retailers"
t1_ovd95ls,"games,retailers,PS"
t1_ovetszt,"gaming,PS, consoles"
t1_ovg1myr,gaming
t1_ovg53mm,"gaming,PS5,disappointment"
t1_ovdnvjx,"spare,ps5"
t1_ovgt8d1,"ps5,spare"
t1_ovgnjgc,"late,buy,ps5"
t1_ovenugf,"refund,extra,cost"
t1_ovdvpyj,"ps5,value"
t1_ovd45fb,"demand, marketing, sales, ploy"
t1_ovax7d3,"cyberpunk, 2078, launch, game"
t1_ovar5bs,"nomans, sky, game, launch"
t1_ovd6mzv,"steam, platform, vote"
t1_ovar1eo,"steam, alpha, testers"
t1_ovbuj7j,"gaming, gameplay"
t1_ovaqa18,"gaming, progress"
t1_ovct2ly,"cyberpunk, gaming"
t1_ovbgq8t,"gaming, backlog"
t1_ovaqnav,"gaming, experience"
t1_ovbvvj1,"games, favourite"
t1_ovarxxd,"games, sales"
t1_ovb3ueq,games
t1_ovaqd5y,"games, favourite, gameplay"
t1_ovcb8at,"games, masterpiece"
t1_ovb8j13,"games, gaming"
t1_ovarkkc,"switch, games"
t1_ovcfmap,games
t1_ovdptck,games
t1_ovbhqnq,"games, ps plus"
t1_ovavgzs,"game, marketing, mess"
t1_ovd1g9y,"gaming, game, cdpr, redemption"
t1_ovba1gi,"game, dlc, excited"
t1_ovaqh9k,"witcher, cdpr, gaming"
t1_ovcvy99,"game, sales, switch"
t1_ovasepj,"games, single-player"
t1_ovc046v,"launch, games"
t1_ovdf9co,"games, sales"
t1_ovbkoy4,games
t1_ovc5n8l,"games, quality"
t1_ovcozc4,"games, achievements"
t1_ovdxz2h,"games, expansions"
t1_ovaxap4,"games, opinions"
t1_ovb4ufc,"games, hype"
t1_ovar8me,"business, gta"
t1_ovblvsf,"work, choom"
t1_ovb6qcb,"game, city, car, driving"
t1_ovaszuo,"streaming, game, katana, website"
t1_ovaw3ts,"game, setting, expansion, update, season"
t1_ovdy3cg,"sale, percentage, day, month"
t1_ovaw07a,"Steam, sales"
t1_ove0gxt,"games, experiences, cyberpunk, skyrim, fallout, outer wilds"
t1_ovd4n2c,"cdpr, mistakes, promises, games, social welfare"
t1_ovbcues,"cdpr, embers, dlc, games"
t1_ovatas7,"sales, cdpr, games"
t1_ovassb8,"gog, summer sale"
t1_ovazfe5,"expansion, game"
t1_ovbgq23,"gog, overrated"
t1_ovarlhr,"game, favorite"
t1_ovbl83b,"refund, game"
t1_ovarnzv,"top 10, gaming, excitement"
t1_ovatknc,"game design, RPG, controversy"
t1_ov9c45m,"copyright, law, software licensing"
t1_ov9cz1k,"IP law, ignorance"
t1_ov9c0ep,"licensing, ownership, digital rights"
t1_ov9bppm,"digital, physical, anti-consumer"
t1_ova98zj,"physical, digital, games, library"
t1_ov9eqa2,"ownership, physical, digital"
t1_ovcapf2,"ownership, opinion, physical"
t1_ovbd2fy,"digital, licensing, ownership, price"
t1_ovabwvd,"gaming, drm, license, ownership"
t1_ovahl5t,"digital rights, gaming"
t1_ov9kptz,"digital, copy, lame"
t1_ov9e32o,"semantics, control, copy, games"
t1_ov9dyqy,"gaming, castlevania, forza, internet"
t1_ov9jsnf,"ownership, digital library, games"
t1_ov9ywh1,"prices, competition, PlayStation store"
t1_ov9o0gm,"physical media, games, books, films, music"
t1_ova845r,"ownership, physical market, Sony, profits"
t1_ovap715,"copyright, ownership, resale, copy, games"
t1_ovareeb,"digital ownership, licensing, physical media"
t1_ov9d2fe,"gaming, switch, internet"
t1_ov9brba,"digital ownership, licensing, legal rights"
t1_ovaahwl,"digital ownership, secondhand market, consumer rights"
t1_ov9cigh,"dmgames, goG, drm-free"
t1_ov9ca7j,"game, key, cards"
t1_ovebwv1,"patent, copyright, car"
t1_ovaarro,"ebooks, copyright, law"
t1_ov9mblh,"switch, collection, games"
t1_ovagiaz,"game, copy, ownership"
t1_ov9fir2,"gaming, internet, access"
t1_ovac36z,"IP, ownership, physical copy"
t1_ova2wep,"game industry, DRM, consumer rights, convenience, lobbying"
t1_ovc1x9m,"indie games, gaming community, local game stores"
t1_ovaqcj3,"Xbox, PlayStation, physical media, licensing, games"
t1_ov9iiiy,"N64, cartridge, gaming"
t1_ovb79nn,"digital media, physical media"
t1_ovbaucc,"Steam, PC gaming, consoles"
t1_ovbagqv,"game ownership, physical media"
t1_ovbm1rt,"gaming collection, physical media"
t1_ovarbya,"n64,vintage,gauntlet"
t1_ovbfx0q,"xbox,physical,digital"
t1_ovbbagu,"digital,games"
t1_ova2q74,"warcraft,digital,downloads"
t1_ovc1n2b,"corporate,games,parents"
t1_ovboboy,"corporations, profit, economy"
t1_ov9yskr,"games, ps store, digital games"
t1_ov9k7xx,"sony, ecosystem, digital ownership"
t1_ova7nmk,"physical games, ps2, ownership"
t1_ov9dgqz,"ps5, disc, steam, gaming"
t1_ov9zwnq,"Sony, deleted movies, accounts"
t1_ova0ne6,"physical games, always online DRM, workaround"
t1_ovgy67r,"game, looks"
t1_ovgye92,"game, awesome"
t1_ovh07ac,"editing, work"
t1_ovgymqn,image
t1_ovh3wye,"image, ai"
t1_ovgzzm5,"image, cosplay, work"
t1_ovgz5js,"image, game"
t1_ovep451,"games, culture, collecting"
t1_ovetxs3,Lost Odyssey
t1_ovf3932,"Dragon Quest, games"
t1_oveqdmx,
t1_ovetv6k,Dragon Quest
t1_oveshtj,"Dragon Quest, games"
t1_oveqdv4,"PS4,games,pirate warriors"
t1_ovesd3d,gaming
t1_ovep4ex,gaming
t1_ovepfbg,"physical,games,Xbox"
t1_oveoyw0,"camera,glare,Series X"
t1_over7ud,"gaming, xi,XI game,finish,XI game completion"
t1_ovetcjk,"dragon quest, dq,video game, game story,game images"
t1_oveyg0f,"rockstar,games,red dead, gaming enjoyment"
t1_oversro,"xbox, gaming,xbox purchase,multi-platform gaming"
t1_ovf01aq,"dragon quest, dq,gaming, order,games story"
t1_ovetrkl,"video games,DQXI,XI,play,DQ"
t1_ovepbha,"GTA,video games,purchase,release"
t1_ovespyb,"console,games,quality,RPG"
t1_ovet8xb,"Ds,xi,dragon quest"
t1_ovev2b7,dragon quest
t1_ovf7i46,"Xbox, Halo, gaming, backward compatibility"
t1_ovevu4e,
t1_ovfgbku,"gaming, Xbox, story, family"
t1_ovfj591,"Dragon Quest, gaming"
t1_ovfhr80,"PS5, Spider Man, God of War, gaming"
t1_ovfbx54,"gaming,VII"
t1_ovfm5q5,Rockstar
t1_ovfnrx8,GTA
t1_ovflop9,gaming
t1_ovfufxt,"gaming,multi-player"
t1_ovg0z9m,"twitter, discussion"
t1_ovg4flp,"time, busy"
t1_ovgj4wi,"game, worthit"
t1_ovg7li5,"game, console, call of duty"
t1_ovgn2sm,"praise, gamer"
t1_ovg76d2,"gaming,jrpg,dragon quest"
t1_ovet962,"gaming, based, tryhard"
t1_overefk,"gaming, announcement"
t1_ovfo84m,"gaming,jrpg,generization"
t1_ovetyv0,"gaming,xbox,jrpgs"
t1_oveqhu0,"Bloodborne, consoles"
t1_ovfk1gl,"Xbox, consoles, tech"
t1_ovexb3s,"sailboats, ponds"
t1_ovflclx,"consoles, games"
t1_oveq94x,"GTA6, consoles"
t1_oves8bd,"consoles, hardware"
t1_ovbqs5m,"fps, game, release, port"
t1_ovbofqn,"collection, game, release, hardware"
t1_ovbjsxu,"game, port, company"
t1_ovc10iu,"pc, game, hardware"
t1_ovbir1v,"aspyr,port,AAA titles,Civ6"
t1_ovc7pt9,"port,ps4,xbox,60fps"
t1_ovbn65e,"cyberpunk,40fps,target"
t1_ovcu95j,"fps,ps4,xbox,framerate,bc,ps5,xbox series x"
t1_ovbxn4s,"porter,bad port"
t1_ovbj0v0,"games, fps"
t1_ovdtqjv,"incompetence, game development"
t1_ovc0jru,"ports, gaming"
t1_ovcrpfp,development talent
t1_ovbio5n,"fps, gaming performance"
t1_ovcsu69,aspyr
t1_ovd0zwd,"fps,stutter,performance"
t1_ovbpxeq,"port,s2,frame rate"
t1_ovgdhs1,"aspyr,technical excellence"
t1_ovbl9qp,"fps,ps4"
t1_ovbni6x,"game, pc, console, settings"
t1_ovcw8b5,"console, switch, hardware"
t1_ovds6rc,"game, optimization, pc"
t1_ovf47gg,"switch, game, collection, steam, premium"
t1_ove2f40,"shadow, game"
t1_oveqprp,"Steam Deck, dips, framerate, gaming"
t1_ovfb0gw,"fps, framerate, gaming"
t1_ovgax31,"fps, framerate, gaming"
t1_ovfdkt2,"gaming, game development"
t1_ovgfj2s,"game development, console, gaming"
t1_ovh2bq5,"tech,troubleshooting"
t1_ovgrnxi,"tech,DLSS"
t1_ovgeb35,"gaming,tech,optimization"
t1_ovbl8bc,"gaming,switch,hardware"
t1_ovblq0a,"gaming,switch,experience"
t1_ovd5lt6,"performance,faster"
t1_ovbkxqe,"games,hardware"
t1_oveitx0,"games,devs,port"
t1_ovcheet,"gaming,AAA,games"
t1_ovboxu9,"gaming,performance,frames"
t1_ovd8t09,"Nintendo,hardware,switch"
t1_ovg7hn6,"Nintendo,switch,hardware"
t1_ovbmagi,"gaming,switch,optimisation"
t1_ovc419d,"Nintendo,hardware"
t1_ovc2r7q,"Nintendo,switch"
t1_ove5mu8,"monkeys, computer, industry"
t1_ovc6edy,"fps, 60fps, Switch, CPU"
t1_ovc42os,"fps, Switch, Series X"
t1_ovbmgn8,"Switch, hardware"
t1_oveo2ke,"product, Switch"
t1_ovd6fan,"fps, hardware"
