post ID,sentiment
t3_1un0cf0,Neutral
t3_1pmuiya,Neutral
t3_1un3c87,Positive
t3_1un3pje,Positive
t3_1un03u7,Neutral
t3_1un07j5,Negative
t3_1un2puc,Neutral
t3_1un1me6,Neutral
t3_1un350c,Neutral
t3_1un3wno,Negative
t3_1un32cb,Neutral
t3_1umux5a,Neutral
t3_1ums0sg,Positive
t3_1umzaaz,Neutral
t3_1un2daf,Neutral
t3_1umzbww,Positive
t3_1un1q8d,Neutral
t3_1un1k0x,Neutral
t3_1umxys1,Neutral
t3_1umsotj,Negative
t3_1umznph,Neutral
t3_1umzmid,Positive
t3_1umzl72,Neutral
t3_1umyxg4,Neutral
t3_1ums0oi,Neutral
t3_1umm7os,Neutral
t3_1umn25v,Neutral
t3_1umd05w,Positive
t3_1umx32r,Neutral
t3_1umv9s0,Neutral
t3_1umubny,Negative
t3_1umegbm,Positive
t3_1umtvka,Confused
t3_1umttsv,Neutral
t3_1umtjor,Negative
t3_1umhjqf,Neutral
t3_1umsh4d,Neutral
t3_1umrgoi,Neutral
t3_1ummuuq,Neutral
t3_1umla40,Positive
t3_1umqqy2,Neutral
t3_1umq9td,Neutral
t3_1umpy2h,Neutral
t3_1umh227,Neutral
t3_1umpri9,Neutral
t3_1umkasz,Positive
t3_1umnulh,Negative
t3_1umntx2,Neutral
t3_1umhyqq,Neutral
t3_1umnm7n,Negative
t3_1ummu4k,Negative
t3_1umac3d,Positive
t3_1umm6f1,Neutral
t3_1umlaqd,Neutral
t3_1umf4qy,Neutral
t3_1umjhxj,Neutral
t3_1umiqai,Neutral
t3_1umii88,Positive
t3_1umi3v1,Neutral
t3_1umi0b4,Neutral
t3_1umi3qj,Neutral
t3_1umgdwg,Negative
t3_1um2yg1,Neutral
t3_1umfbvk,Neutral
t3_1umhvcr,Neutral
t3_1umc6pw,Positive
t3_1umabeo,Neutral
t3_1ume921,Neutral
t3_1umf6ba,Neutral
t3_1um5ppv,Neutral
t3_1um9h46,Neutral
t3_1um0yjw,Neutral
t3_1umd9zz,Negative
t3_1umdqie,Neutral
t3_1umdg2i,Negative
t3_1umcu2s,Negative
t3_1umc6cs,Neutral
t3_1umc541,Negative
t3_1umc3uc,Neutral
t3_1um82w6,Neutral
t3_1umbbjz,Neutral
t3_1umb1xm,Neutral
t3_1umaypo,Neutral
t3_1um7oqc,Negative
t3_1umayfs,Unknown
t3_1um6w22,Positive
t3_1um6tgo,Neutral
t3_1um6gko,Neutral
t3_1uma6hb,Positive
t3_1um6dci,Neutral
t3_1uma60p,Neutral
t3_1ummcpc,Negative
t3_1um9qei,Neutral
t3_1um9d15,Negative
t3_1um5e4x,Negative
t3_1um90xx,Neutral
t3_1um96j5,Neutral
t3_1um0f2e,Positive
t3_1um95y3,Neutral
t3_1um0e0r,Neutral
