post ID,toxicity
t3_1umsz0n,Low
t3_1umzi2y,Low
t3_1umruoa,Low
t3_1umka13,Low
t3_1umv2nh,Low
t3_1umr0g6,Low
t3_1umwcd7,Low
t3_1umtfwq,Low
t3_1umgw9u,Medium
t3_1umplhd,Low
t3_1umhv5u,Low
t3_1umejkb,Low
t3_1umuy1i,Low
t3_1ulj7xu,Low
t3_1umk1y5,Medium
t3_1un2r01,Low
t3_1umig6n,Low
t3_1um8nth,Low
t3_1um68v1,Low
t3_1un2cww,Low
t3_1ums26a,Low
t3_1um31ab,Low
t3_1umcdmt,High
t3_1um88uh,Low
t3_1um039n,Low
t3_1ums2eu,Low
t3_1umuiyt,Low
t3_1ulnc7y,Low
t3_1umjjl1,Low
t3_1um1j01,Medium
t3_1un0d00,Low
t3_1umsrgi,Low
t3_1umujn4,Low
t3_1umd53t,Low
t3_1umv3he,Low
t3_1ulun7d,Low
t3_1ulurtv,Low
t3_1un2pyf,Low
t3_1ulyyc3,Low
t3_1umksk4,Low
t3_1um51uf,Low
t3_1um21oa,Low
t3_1uml9u3,Low
t3_1umjxv8,Low
t3_1un0udo,Low
t3_1ulstfy,Skipped
t3_1umjlpt,Skipped
t3_1ulwofr,Skipped
t3_1um56cd,Skipped
t3_1umoplp,Skipped
t3_1umve8r,Skipped
t3_1umvgg1,Skipped
t3_1ulzevz,Skipped
t3_1ulgd64,Skipped
t3_1ulf7dp,Skipped
t3_1umckq0,Skipped
t3_1ulvg8p,Skipped
t3_1um7ccn,Skipped
t3_1um40j7,Skipped
t3_1ulck9c,Skipped
t3_1ultjmp,Skipped
t3_1um56mv,Skipped
t3_1ulxqit,Skipped
t3_1ul5012,Skipped
t3_1ulxpcw,Skipped
t3_1umdea5,Skipped
t3_1um5eru,Skipped
t3_1um8iy6,Skipped
t3_1uld36q,Skipped
t3_1umb33l,Skipped
t3_1um2384,Skipped
t3_1ukzlvx,Skipped
t3_1ulxrrf,Skipped
t3_1un2snb,Skipped
t3_1um8ps5,Skipped
t3_1ulirfh,Skipped
t3_1ulklrp,Skipped
t3_1ulsid3,Skipped
t3_1uldxei,Skipped
t3_1ulq58g,Skipped
t3_1uli72t,Skipped
t3_1ulpbyq,Skipped
t3_1um5707,Skipped
t3_1um0rzz,Skipped
t3_1un1xs0,Skipped
t3_1umie1j,Skipped
t3_1um4f0w,Skipped
t3_1ullwy4,Skipped
t3_1ulujsk,Skipped
t3_1umhe0o,Skipped
t3_1ulf36t,Skipped
t3_1umanfk,Skipped
t3_1ulzp5u,Skipped
t3_1uloupf,Skipped
t3_1ulex0d,Skipped
t3_1ulxnze,Skipped
t3_1umojl3,Skipped
t3_1um73d6,Skipped
t3_1umcu4m,Skipped
t3_1ulwqo7,Skipped
