comment ID,Toxicity
t1_ovghs7s,Toxic
t1_ovfxxh4,Non-Toxic
t1_ovfu35e,Non-Toxic
t1_ovdadbt,Toxic
t1_oveysd5,Toxic
t1_ovgimgc,Toxic
t1_oveqf91,Toxic
t1_ovgn707,Non-Toxic
t1_ovdkfry,Non-Toxic
t1_ovevlhd,Toxic
t1_ovfux9o,Non-Toxic
t1_ovgpxt5,Non-Toxic
t1_ovezvll,Non-Toxic
t1_ove2mpp,Non-Toxic
t1_ovd08ap,Non-Toxic
t1_ovh04q1,Non-Toxic
t1_ovetfnr,Non-Toxic
t1_ovd2lmu,Non-Toxic
t1_ovct0hl,Non-Toxic
t1_ovbhjco,Non-Toxic
t1_ovd77qc,Non-Toxic
t1_ovezp6k,Toxic
t1_ovd878k,Non-Toxic
t1_ovbhj8l,Toxic
t1_ovd3ecz,Non-Toxic
t1_ovblw67,Non-Toxic
t1_oveto4h,Non-Toxic
t1_ovfvbu1,Toxic
t1_ovdg1r1,Non-Toxic
t1_ovc0fu0,Non-Toxic
t1_ovcszo2,Non-Toxic
t1_ovf9qyh,Non-Toxic
t1_ovbn41v,Non-Toxic
t1_ovd98bn,Non-Toxic
t1_ovfn66z,Non-Toxic
t1_ovfmw8j,Non-Toxic
t1_ovbfgkg,Non-Toxic
t1_ovfltt3,Non-Toxic
t1_ovbze0r,Non-Toxic
t1_ovd13ee,Non-Toxic
t1_ovfy18v,Toxic
t1_ovbtu04,Toxic
t1_ovfgkl1,Toxic
t1_ovfp189,Toxic
t1_ovd3ewb,Toxic
t1_ovbw5l6,Non-Toxic
t1_ovdb3jz,Non-Toxic
t1_ovfvu1s,Toxic
t1_ovbtnk4,Non-Toxic
t1_ovfnhxn,Non-Toxic
t1_ovfo649,Non-Toxic
t1_ovfzoij,Non-Toxic
t1_ovbw6jv,Non-Toxic
t1_ovfr5ik,Non-Toxic
t1_ovc30ux,Non-Toxic
t1_ovdz7wv,Non-Toxic
t1_ovfh9bs,Non-Toxic
t1_ovggr9e,Non-Toxic
t1_ovfre4y,Non-Toxic
t1_ovcmaid,Non-Toxic
t1_ovchhx8,Non-Toxic
t1_ovcxib3,Non-Toxic
t1_ovfm19u,Toxic
t1_ovgerf9,Non-Toxic
t1_ovdjdks,Toxic
t1_ovfuq07,Non-Toxic
t1_ovg3068,Toxic
t1_ovg1s88,Non-Toxic
t1_ovdkkdo,Non-Toxic
t1_ovcvfok,Non-Toxic
t1_ovc0t9z,Non-Toxic
t1_ovfqhq2,Non-Toxic
t1_ovgymhz,Non-Toxic
t1_ovfi409,Non-Toxic
t1_ovg07o0,Toxic
t1_ove07i2,Non-Toxic
t1_ovfz03k,Toxic
t1_ovdiiui,Toxic
t1_ovfply3,Non-Toxic
t1_ovfliqj,Non-Toxic
t1_ovc7abe,Toxic
t1_ovflfd9,Non-Toxic
t1_ovf0tr0,Toxic
t1_ovgo7n6,Toxic
t1_ovctcvr,Non-Toxic
t1_ovfq9s3,Toxic
t1_ovgcemn,Non-Toxic
t1_ovc31bc,Non-Toxic
t1_ovfwdv3,Toxic
t1_ovca7kp,Non-Toxic
t1_ovg23sd,Non-Toxic
t1_ovfpobj,Non-Toxic
t1_ovewu81,Non-Toxic
t1_ovdsol7,Non-Toxic
t1_ovd2fra,Non-Toxic
t1_ovglega,Non-Toxic
t1_ovee26i,Non-Toxic
t1_ovcqwmq,Toxic
t1_overm3n,Non-Toxic
t1_ovfxb08,Non-Toxic
t1_ovcpej9,Toxic
t1_oveuq97,Toxic
t1_ovcpg24,Toxic
t1_ovfmtno,Toxic
t1_oveyszs,Toxic
t1_oveucy7,Toxic
t1_ovdebh6,Toxic
t1_ovg6t3n,Toxic
t1_ovcsuun,Non-Toxic
t1_ove42or,Non-Toxic
t1_ovc5mcp,Non-Toxic
t1_ovg6tno,Non-Toxic
t1_ovd0l3d,Toxic
t1_ovd14n6,Non-Toxic
t1_ovet6wx,Toxic
t1_ovc9ael,Non-Toxic
t1_ovc8mpl,Non-Toxic
t1_ovcx4nr,Toxic
t1_ovcddhd,Toxic
t1_ovcqc1q,Toxic
t1_ovffjb3,Non-Toxic
t1_ovdr0m2,Non-Toxic
t1_ovd5y1r,Non-Toxic
t1_ovciqg7,Non-Toxic
t1_ovcutaa,Non-Toxic
t1_ovcij3b,Non-Toxic
t1_ovcykh5,Non-Toxic
t1_ovcwqgc,Non-Toxic
t1_ovf11qb,Non-Toxic
t1_ovcoulf,Non-Toxic
t1_ovfll5x,Toxic
t1_ovev8hj,Toxic
t1_ovebvnh,Non-Toxic
t1_ovcsxij,Non-Toxic
t1_ovcvfvz,Toxic
t1_ovbtyid,Non-Toxic
t1_ovcx2z4,Non-Toxic
t1_ovevd8d,Non-Toxic
t1_ovc3n9u,Non-Toxic
t1_ovcypmv,Non-Toxic
t1_ovc6ol4,Non-Toxic
t1_oveyndn,Toxic
t1_ovdjxkr,Non-Toxic
t1_ovfrs8v,Toxic
t1_oveuf1m,Toxic
t1_ovfs6em,Toxic
t1_ovf3l36,Non-Toxic
t1_ovfr4l4,Toxic
t1_ovddqle,Non-Toxic
t1_ovd90q0,Non-Toxic
t1_ovdou9v,Non-Toxic
t1_ovdu5q4,Non-Toxic
t1_ovd42pp,Non-Toxic
t1_ovdw5rd,Non-Toxic
t1_ovdxr7a,Non-Toxic
t1_oveaa7t,Toxic
t1_ove23y7,Non-Toxic
t1_ovedjhy,Non-Toxic
t1_ovegexn,Non-Toxic
t1_ovegnq3,Non-Toxic
t1_ovf4m1v,Non-Toxic
t1_ovem4ge,Non-Toxic
t1_ovf3otn,Non-Toxic
t1_ovew5hk,Non-Toxic
t1_ovf1bss,Non-Toxic
t1_ovg9u1w,Non-Toxic
t1_ovgi23o,Non-Toxic
t1_ovfsinw,Non-Toxic
t1_ovfb5m9,Non-Toxic
t1_ovebbaf,Non-Toxic
t1_oveb67s,Non-Toxic
t1_ovec4hc,Toxic
t1_oved19l,Non-Toxic
t1_oved8gu,Toxic
t1_ovecm64,Non-Toxic
t1_oveey18,Non-Toxic
t1_ovedny9,Toxic
t1_oved01o,Non-Toxic
t1_ovee8ov,Toxic
t1_ovembv8,Non-Toxic
t1_ovedgda,Non-Toxic
t1_ovedwsg,Non-Toxic
t1_ovefar5,Toxic
t1_oveepm0,Non-Toxic
t1_ovefaar,Non-Toxic
t1_oveeyen,Non-Toxic
t1_ovefgp5,Non-Toxic
t1_ovej6ve,Non-Toxic
t1_oveq5kk,Non-Toxic
t1_oveqm6g,Non-Toxic
t1_over5zf,Non-Toxic
t1_oveev1a,Toxic
t1_overakm,Non-Toxic
t1_ovf0bgf,Toxic
t1_oves5gu,Non-Toxic
t1_oveeyed,Toxic
t1_ovf707u,Non-Toxic
t1_ovejkgm,Non-Toxic
t1_ovee88v,Non-Toxic
t1_ovfh55d,Non-Toxic
t1_ovehajk,Toxic
t1_overh0c,Toxic
t1_ovekddd,Toxic
t1_ovei2jk,Toxic
t1_ovektez,Toxic
t1_oveoa9p,Toxic
t1_ovep5de,Non-Toxic
t1_ovekn3w,Toxic
t1_ovekvb4,Toxic
t1_oveuhpq,Toxic
t1_ovf3mfh,Toxic
t1_ovf4v8t,Toxic
t1_ovg0kcg,Non-Toxic
t1_ovffhmr,Non-Toxic
t1_ovg8r37,Non-Toxic
t1_ovgceyu,Non-Toxic
t1_ovfilr8,Toxic
t1_ovfbh1y,Toxic
t1_ovg3qvb,Non-Toxic
t1_ovg35vr,Non-Toxic
t1_ovfco8f,Non-Toxic
t1_ovff6od,Non-Toxic
t1_ovfp2h8,Non-Toxic
t1_ovfauq8,Toxic
t1_ovff3n8,Non-Toxic
t1_ovfwybj,Non-Toxic
t1_ovfrtho,Non-Toxic
t1_ovfdol9,Non-Toxic
t1_ovfp66x,Non-Toxic
t1_ovff3zk,Non-Toxic
t1_ovftds9,Non-Toxic
t1_ovflqj2,Toxic
t1_ovfhs03,Non-Toxic
t1_ovfx9u5,Non-Toxic
t1_ovfokpo,Non-Toxic
t1_ovflwek,Non-Toxic
t1_ovftlkh,Non-Toxic
t1_ovfx52j,Non-Toxic
t1_ovg6rol,Toxic
t1_ovfy1al,Toxic
t1_ovg0kkw,Toxic
t1_ovfzupy,Toxic
t1_ovfhw1m,Non-Toxic
t1_ovfg5tf,Toxic
t1_ovg8toi,Toxic
t1_ovfe9b7,Toxic
t1_ovgcxd0,Toxic
t1_ovgc4or,Non-Toxic
t1_ovgaxey,Toxic
t1_ovgnbsk,Toxic
t1_ovew1ni,Non-Toxic
t1_ovghhxs,Non-Toxic
t1_ovgbghq,Non-Toxic
t1_ovgudl1,Non-Toxic
t1_ovgu5nt,Toxic
t1_ovey1az,Toxic
t1_ovfz8sd,Non-Toxic
t1_ovewfbq,Non-Toxic
t1_ovf50dl,Toxic
t1_ovevyub,Toxic
t1_ovf3ykk,Toxic
t1_ovevxvo,Toxic
t1_ovf035p,Non-Toxic
t1_ovewzwp,Non-Toxic
t1_ovev23q,Non-Toxic
t1_ovex3x2,Non-Toxic
t1_ovev8es,Toxic
t1_ovf83d7,Non-Toxic
t1_ovfe3xg,Toxic
t1_ovevmes,Non-Toxic
t1_ovfsldd,Toxic
t1_oveyxmx,Non-Toxic
t1_ovewzu6,Non-Toxic
t1_ovf016p,Non-Toxic
t1_ovew9uk,Non-Toxic
t1_ovew537,Non-Toxic
t1_ovexhgc,Non-Toxic
t1_ovfxa8n,Non-Toxic
t1_ovewwpi,Non-Toxic
t1_ovev7hn,Non-Toxic
t1_ovezktd,Non-Toxic
t1_ovff6vp,Non-Toxic
t1_oveuuu8,Non-Toxic
t1_ovexcwg,Non-Toxic
t1_ovezx3u,Non-Toxic
t1_ovfbij5,Non-Toxic
t1_ovexn9x,Non-Toxic
t1_ovf1yfy,Non-Toxic
t1_ovf8ylr,Non-Toxic
t1_ovfdnyu,Non-Toxic
t1_ovfev5h,Non-Toxic
t1_ovfcicr,Non-Toxic
t1_ovfh89b,Non-Toxic
t1_ovfshmy,Non-Toxic
t1_ovfk0xb,Non-Toxic
t1_ovew6q2,Non-Toxic
t1_ovft19j,Non-Toxic
t1_ovewhfy,Non-Toxic
t1_ovg2eit,Non-Toxic
t1_ovexwgx,Non-Toxic
t1_ovf1k9t,Toxic
t1_ovfyid3,Toxic
t1_ovevtl8,Non-Toxic
t1_ovf2gfv,Non-Toxic
t1_ovehtp0,Non-Toxic
t1_ovesj1x,Toxic
t1_ovena4v,Non-Toxic
t1_ovei9ko,Non-Toxic
t1_ovejm08,Non-Toxic
t1_ovehzzi,Non-Toxic
t1_oven91y,Toxic
t1_ovfhaan,Non-Toxic
t1_ovemy9q,Non-Toxic
t1_ovfcz56,Non-Toxic
t1_ovf7oz0,Toxic
t1_ovfa051,Toxic
t1_ovfry60,Non-Toxic
t1_ovfzwfl,Non-Toxic
t1_ovc0txu,Non-Toxic
t1_ovexcbk,Non-Toxic
t1_ovgiu54,Non-Toxic
t1_ovg4s41,Non-Toxic
t1_ovbzmug,Non-Toxic
t1_ovbyf98,Non-Toxic
t1_ovcjbkv,Non-Toxic
t1_ovbxjjk,Non-Toxic
t1_ovdrbpm,Non-Toxic
t1_ovfd12l,Non-Toxic
t1_ovdsg4c,Non-Toxic
t1_ovc6fzy,Non-Toxic
t1_ovc3dux,Non-Toxic
t1_ovda7pe,Non-Toxic
t1_ovbyebh,Non-Toxic
t1_ovcjzvb,Non-Toxic
t1_ovdpjhk,Non-Toxic
t1_ovd973z,Non-Toxic
t1_ovc5lnk,Non-Toxic
t1_ovcnqm9,Non-Toxic
t1_ovfa089,Non-Toxic
t1_ovgbd52,Non-Toxic
t1_ovcylfq,Non-Toxic
t1_ovbzotr,Non-Toxic
t1_ovdwwoa,Toxic
t1_ovco3qk,Toxic
t1_ovc4has,Non-Toxic
t1_ove6xqw,Non-Toxic
t1_ovce855,Non-Toxic
t1_ovbzt26,Non-Toxic
t1_ovd007q,Toxic
t1_ovc7wl2,Non-Toxic
t1_ovc1y4a,Non-Toxic
t1_ovcgqr6,Toxic
t1_ovc180w,Non-Toxic
t1_ovcaayp,Non-Toxic
t1_ovcv622,Toxic
t1_ovgfdfx,Toxic
t1_ovgtpos,Non-Toxic
t1_ovf99ke,Non-Toxic
t1_ovgxxda,Non-Toxic
t1_ovgsm65,Toxic
t1_ovgtqai,Toxic
t1_ovf95fw,Toxic
t1_ovguknl,Non-Toxic
t1_ove7wr9,Non-Toxic
t1_ovgwvg3,Non-Toxic
t1_ove0fx5,Non-Toxic
t1_ovgx397,Non-Toxic
t1_ovgy43r,Toxic
t1_ove32f0,Non-Toxic
t1_ovgvkkj,Toxic
t1_ove0wy4,Toxic
t1_ovdyxz3,Toxic
t1_ovgsb72,Non-Toxic
t1_ovgtvx8,Non-Toxic
t1_ovh02g8,Toxic
t1_ove0io9,Non-Toxic
t1_ove4wiq,Non-Toxic
t1_ovfzfy6,Toxic
t1_ove24oa,Toxic
t1_ovgvmm1,Non-Toxic
t1_ovgwtku,Toxic
t1_ovg70ao,Non-Toxic
t1_ovgwejy,Toxic
t1_ovg62c3,Toxic
t1_ovee1tu,Non-Toxic
t1_ovg7t3o,Toxic
t1_oveqbxs,Non-Toxic
t1_ovf3x9y,Non-Toxic
t1_ove22mn,Non-Toxic
t1_ove67ni,Toxic
t1_ove38i0,Toxic
t1_ove10vv,Non-Toxic
t1_ovfecki,Toxic
t1_ove3n6m,Non-Toxic
t1_ove1bdn,Toxic
t1_oveer5f,Toxic
t1_ovfekog,Toxic
t1_ovei3sc,Toxic
t1_ovepznj,Toxic
t1_ove6rhj,Non-Toxic
t1_ove478f,Toxic
t1_ove44s4,Toxic
t1_ove453e,Toxic
t1_ove3yby,Toxic
t1_ove7hlx,Toxic
t1_ove563m,Toxic
t1_ove7qat,Toxic
t1_ove9qwg,Toxic
t1_ove8nc8,Toxic
t1_ove8aiy,Toxic
t1_ovfyiue,Toxic
t1_ovca9sz,Non-Toxic
t1_ovcagpu,Non-Toxic
t1_ovc9cc2,Non-Toxic
t1_ovc7pa9,Non-Toxic
t1_ovchzf3,Toxic
t1_ovceq5p,Toxic
t1_ovcuvlu,Toxic
t1_ovedq4z,Non-Toxic
t1_ovch2w6,Non-Toxic
t1_ovccs6g,Toxic
t1_ovd5oue,Toxic
t1_ovea0qf,Toxic
t1_ove9t4s,Non-Toxic
t1_ovceds5,Non-Toxic
t1_ovfsz81,Non-Toxic
t1_oveaawm,Toxic
t1_ovcnkry,Non-Toxic
t1_ovech00,Toxic
t1_ovedqzd,Toxic
t1_ovehdat,Non-Toxic
t1_ovcompu,Toxic
t1_ovenijb,Non-Toxic
t1_ovedbl4,Non-Toxic
t1_ovddjl0,Non-Toxic
t1_ovcm3s0,Non-Toxic
t1_ovdkwtr,Non-Toxic
t1_ovcpmhk,Non-Toxic
t1_ovcwb57,Non-Toxic
t1_ovdi6q3,Toxic
t1_oveqh6w,Non-Toxic
t1_ovdlrko,Non-Toxic
t1_ovfjgq9,Non-Toxic
t1_ovcqny5,Non-Toxic
t1_ovchhvo,Toxic
t1_ovfb5vu,Non-Toxic
t1_ovce1c9,Non-Toxic
t1_ovclgse,Non-Toxic
t1_ovdv5hn,Non-Toxic
t1_ovcec8t,Non-Toxic
t1_ovcj2j5,Non-Toxic
t1_ovcsneo,Non-Toxic
t1_ovchqng,Non-Toxic
t1_ovchwup,Toxic
t1_ovciv73,Non-Toxic
t1_ovcu93d,Non-Toxic
t1_ovct2sx,Non-Toxic
t1_ovd3oeo,Non-Toxic
t1_ovd41ch,Non-Toxic
t1_ove8eyj,Non-Toxic
t1_ovdby96,Non-Toxic
t1_ovey8ve,Non-Toxic
t1_ovdz5ab,Non-Toxic
t1_ovg1aa5,Non-Toxic
t1_ovekngo,Toxic
t1_ovdynd0,Non-Toxic
t1_ovcfzev,Non-Toxic
t1_ovcnzpe,Non-Toxic
t1_ovc987c,Non-Toxic
t1_ovcqxlo,Non-Toxic
t1_ovd9c6w,Non-Toxic
t1_ovd0w0i,Non-Toxic
t1_ovf8mmt,Toxic
t1_ovd8c6j,Non-Toxic
t1_ovfbj0n,Toxic
t1_ovfbmth,Toxic
t1_ovf9hrf,Toxic
t1_ovfbm9c,Non-Toxic
t1_ovf9fcj,Toxic
t1_ovfbugz,Toxic
t1_ovfddkd,Toxic
t1_ovfcg6r,Non-Toxic
t1_ovf91a7,Non-Toxic
t1_ovf9bht,Non-Toxic
t1_ovf9nqd,Non-Toxic
t1_ovfq3ck,Non-Toxic
t1_ovfecb4,Toxic
t1_ovffdm6,Non-Toxic
t1_ovfdh8i,Toxic
t1_ovf98ot,Toxic
t1_ovfbk7o,Toxic
t1_ovfbkqg,Toxict
t1_ovfa4jn,Toxic
t1_ovfcthz,Non-Toxic
t1_ovfckdu,Toxic
t1_ovfe2bb,Toxic
t1_ovexgix,Non-Toxic
t1_ovg2kdu,Toxic
t1_ovg60j6,Toxic
t1_ovfey77,Toxic
t1_ovewjbv,Non-Toxic
t1_ovfp8rj,Non-Toxic
t1_ovfdido,Non-Toxic
t1_ovfiwzx,Non-Toxic
t1_ovg2on3,Non-Toxic
t1_ovfcjxq,Non-Toxic
t1_ovfkemd,Non-Toxic
t1_ovfjzqy,Non-Toxic
t1_ovg4xyv,Non-Toxic
t1_ovflx23,Non-Toxic
t1_ovg1a3s,Toxic
t1_ovg432a,Toxic
t1_ovfjqzl,Non-Toxic
t1_ovg3czu,Non-Toxic
t1_ovf8ti3,Non-Toxic
t1_ov8nzhh,Toxic
t1_ovgm74b,Non-Toxic
t1_ov8oqb5,Toxic
t1_ov8nz22,Toxic
t1_ov8olwm,Toxic
t1_ov8of4y,Non-Toxic
t1_ov8pog2,Toxic
t1_ov8q7yn,Non-Toxic
t1_ov8q0lt,Non-Toxic
t1_ovgvzyr,Non-Toxic
t1_ovgcx1t,Non-Toxic
t1_ovgir62,Non-Toxic
t1_ov8owuh,Non-Toxic
t1_ov8or37,Non-Toxic
t1_ov8pbk7,Non-Toxic
t1_ov8po8f,Toxic
t1_ov8p7ra,Toxic
t1_ov8x6pq,Non-Toxic
t1_ov8zn5m,Toxic
t1_ov8qcka,Non-Toxic
t1_ov8pfrl,Toxic
t1_ov8p84e,Toxic
t1_ov8otz5,Toxic
t1_ov8yn5q,Non-Toxic
t1_ov8wwr2,Toxic
t1_ov8rdgo,Toxic
t1_ov8q2rg,Toxic
t1_ov8rzsv,Non-Toxic
t1_ov94dir,Toxic
t1_ov8pfww,Toxic
t1_ov8t4i4,Toxic
t1_ov92yre,Toxic
t1_ovabsgw,Toxic
t1_ov8x3nw,Toxic
t1_ov8smsg,Toxic
t1_ov8ubk7,Toxic
t1_ov8o4b6,Toxic
t1_ov8uxpm,Non-Toxic
t1_ov8velr,Toxic
t1_ov8wn08,Non-Toxic
t1_ov8tur5,Toxic
t1_ova9ntc,Non-Toxic
t1_ova9h7m,Non-Toxic
t1_ov8q91y,Toxic
t1_ovb5yof,Toxic
t1_ova0gtx,Toxic
t1_ov8qnl8,Toxic
t1_ov8u0ir,Toxic
t1_ov90txb,Toxic
t1_ovaexj7,Non-Toxic
t1_ov9xg8b,Non-Toxic
t1_ov9zmj8,Toxic
t1_ov8vg9r,Toxic
t1_ovag3a0,Toxic
