comment ID,Topic
t1_ovghs7s,Tesla Scandal
t1_ovfxxh4,Texas Crash
t1_ovfu35e,FSD Name
t1_ovdadbt,Clickbait
t1_oveysd5,False Advertising
t1_ovgimgc,Journalism Failure
t1_oveqf91,Dashcam Safety
t1_ovgn707,FSD Mode
t1_ovdkfry,Driving Habits
t1_ovevlhd,Driver Liability
t1_ovfux9o,General
t1_ovgpxt5,General
t1_ovezvll,General
t1_ove2mpp,General
t1_ovd08ap,General
t1_ovh04q1,General
t1_ovetfnr,General
t1_ovd2lmu,General
t1_ovct0hl,General
t1_ovbhjco,General
t1_ovd77qc,Copyright Laws
t1_ovezp6k,Infrastructure
t1_ovd878k,Quote
t1_ovbhj8l,Government Reform
t1_ovd3ecz,Competition
t1_ovblw67,Hardware Obsolescence
t1_oveto4h,Accountability
t1_ovfvbu1,Quality Disappointment
t1_ovdg1r1,Storage Capacity
t1_ovc0fu0,Preservation
t1_ovcszo2,Data Center
t1_ovf9qyh,City Council
t1_ovbn41v,Video Game Issues
t1_ovd98bn,Data Plan Cost
t1_ovfn66z,Game Ownership Rights
t1_ovfmw8j,Game Ownership Rights
t1_ovbfgkg,Digital Back Ups
t1_ovfltt3,Gamer Rights
t1_ovbze0r,PlayStation Alternative
t1_ovd13ee,Software License Costs
t1_ovfy18v,Water Conservation
t1_ovbtu04,Cloud Gaming Business
t1_ovfgkl1,Video Game Industry
t1_ovfp189,Game Industry Business
t1_ovd3ewb,
t1_ovbw5l6,
t1_ovdb3jz,Business Costs
t1_ovfvu1s,Digital Ownership
t1_ovbtnk4,Art Preservation
t1_ovfnhxn,Cloud Computing Usage
t1_ovfo649,Gaming Industry
t1_ovfzoij,Hardware Issues
t1_ovbw6jv,Piracy Rights
t1_ovfr5ik,Digital Ownership
t1_ovc30ux,Digital Property
t1_ovdz7wv,Consumer Treatment
t1_ovfh9bs,Nothing
t1_ovggr9e,Energy Consumption
t1_ovfre4y,Ownership Rights
t1_ovcmaid,Hard Drive Prices
t1_ovchhx8,File Preservation
t1_ovcxib3,AI Tech
t1_ovfm19u,Game Lobbying
t1_ovgerf9,Game Lobbying
t1_ovdjdks,Videogame Failures
t1_ovfuq07,Game Movement
t1_ovg3068,Tech Bailouts
t1_ovg1s88,Movie Industry
t1_ovdkkdo,Worker Benefits
t1_ovcvfok,File Preservation
t1_ovc0t9z,Digital Games Future
t1_ovfqhq2,AI Regulations China
t1_ovgymhz,Movie Removal Plans
t1_ovfi409,Console Removal Plans
t1_ovg07o0,Game Console Obsolescence
t1_ove07i2,Piracy Games Rescue
t1_ovfz03k,Data Center Corruption
t1_ovdiiui,Gaming Market Crash Desire
t1_ovfply3,Game Boycott Campaign
t1_ovfliqj,Gaming Market Trends
t1_ovc7abe,Game Piracy Hypocrisy
t1_ovflfd9,Unknown
t1_ovf0tr0,Data Center Impact
t1_ovgo7n6,Data Center Mistakes
t1_ovctcvr,PC Gaming Support
t1_ovfq9s3,Data Center Hypocrisy
t1_ovgcemn,Music Format Evolution
t1_ovc31bc,Drm-Free Gaming
t1_ovfwdv3,Data Center Negative Impact
t1_ovca7kp,PC Gaming Legacy
t1_ovg23sd,Political Opinion
t1_ovfpobj,European Union
t1_ovewu81,Environmental Concerns
t1_ovdsol7,Retro Gaming
t1_ovd2fra,Financial Comparison
t1_ovglega,Social Commentary
t1_ovee26i,Media Preservation
t1_ovcqwmq,Corporate Life
t1_overm3n,Retro Gaming
t1_ovfxb08,Infrastructure Issues
t1_ovcpej9,AI Compliance
t1_oveuq97,Museum Art
t1_ovcpg24,Low Salary
t1_ovfmtno,Government Kickbacks
t1_oveyszs,Independence Day
t1_oveucy7,Artificial Intelligence Job Threat
t1_ovdebh6,Digital Ownership
t1_ovg6t3n,Circle Jerk
t1_ovcsuun,Dog Food Business
t1_ove42or,Art Access
t1_ovc5mcp,Privacy Laws
t1_ovg6tno,Privacy Rights
t1_ovd0l3d,AI Tokens Scam
t1_ovd14n6,Low Pay Wages
t1_ovet6wx,Datacenters Growth
t1_ovc9ael,Storing Digitally
t1_ovc8mpl,Gaming Market Miss
t1_ovcx4nr,AI Model Losses
t1_ovcddhd,AI Content Theft
t1_ovcqc1q,Grok Not Used
t1_ovffjb3,General
t1_ovdr0m2,General
t1_ovd5y1r,General
t1_ovciqg7,General
t1_ovcutaa,General
t1_ovcij3b,General
t1_ovcykh5,General
t1_ovcwqgc,General
t1_ovf11qb,General
t1_ovcoulf,General
t1_ovfll5x,Data Center Criticism
t1_ovev8hj,Data Center Criticism
t1_ovebvnh,Copyright Reform
t1_ovcsxij,Gaming History
t1_ovcvfvz,AI Dystopia
t1_ovbtyid,Jurassic Park Quote
t1_ovcx2z4,Libraries vs Streaming
t1_ovevd8d,Data Center Lifestyle
t1_ovc3n9u,Gaming Gift
t1_ovcypmv,Media Piracy
t1_ovc6ol4,Gaming
t1_oveyndn,Data Centers
t1_ovdjxkr,Workplace Issues
t1_ovfrs8v,Capitalism Critique
t1_oveuf1m,Tech Impacts
t1_ovfs6em,Energy Costs
t1_ovf3l36,Workplace AI Impacts
t1_ovfr4l4,Protest
t1_ovddqle,Income Comparison
t1_ovd90q0,Workplace AI Issues
t1_ovdou9v,Access Issues
t1_ovdu5q4,Company Expenses
t1_ovd42pp,Rebellion Plans
t1_ovdw5rd,Cost Unknown Factors
t1_ovdxr7a,Hardware Ownership
t1_oveaa7t,Drugging Comparison
t1_ove23y7,Monthly Fees
t1_ovedjhy,Favorable Terms
t1_ovegexn,Scandalous Spending
t1_ovegnq3,Personal Question
t1_ovf4m1v,General
t1_ovem4ge,General
t1_ovf3otn,General
t1_ovew5hk,General
t1_ovf1bss,General
t1_ovg9u1w,General
t1_ovgi23o,General
t1_ovfsinw,General
t1_ovfb5m9,General
t1_ovebbaf,General
t1_oveb67s,Software Update
t1_ovec4hc,Artificial Intelligence
t1_oved19l,Microsoft OS
t1_oved8gu,Microsoft OS
t1_ovecm64,Linux OS
t1_oveey18,User Experience
t1_ovedny9,Microsoft OS
t1_oved01o,Software Update
t1_ovee8ov,Microsoft AI
t1_ovembv8,Microsoft OS
t1_ovedgda,Hardware Spec Release
t1_ovedwsg,Microsoft
t1_ovefar5,SlopOS
t1_oveepm0,SlopOS
t1_ovefaar,Ad Microsoft
t1_oveeyen,Battery Life
t1_ovefgp5,Linux
t1_ovej6ve,Microsoft
t1_oveq5kk,Microsoft
t1_oveqm6g,Bloatware
t1_over5zf,Hardware Spec
t1_oveev1a,Windows OS Update
t1_overakm,Tech AI Topic
t1_ovf0bgf,Cloud Dependent OS
t1_oves5gu,Ubuntu Upgrade
t1_oveeyed,Windows Monetization
t1_ovf707u,Tech Memes
t1_ovejkgm,Windows Audience
t1_ovee88v,Resource Waste
t1_ovfh55d,Tech Update
t1_ovehajk,Windows 12 Hate
t1_overh0c,Windows AI Criticisms
t1_ovekddd,Linux Learning
t1_ovei2jk,Windows 12 Criticisms
t1_ovektez,Windows Hate
t1_oveoa9p,Windows 12 Dislike
t1_ovep5de,Laptop Error
t1_ovekn3w,Windows 12 Predictions
t1_ovekvb4,Windows 12 Distaste
t1_oveuhpq,Moving to Linux
t1_ovf3mfh,AI Privacy
t1_ovf4v8t,AI Acceptance
t1_ovg0kcg,Windows Teaser
t1_ovffhmr,Microsoft Scandal
t1_ovg8r37,MS Software Updates
t1_ovgceyu,Microsoft AI
t1_ovfilr8,Windows Users
t1_ovfbh1y,3D Printing Regulation
t1_ovg3qvb,Windows Adoption
t1_ovg35vr,Linux Learning
t1_ovfco8f,3D Printing Laws
t1_ovff6od,Media Bias
t1_ovfp2h8,Gun Control
t1_ovfauq8,Government Overreach
t1_ovff3n8,Freedom of Speech
t1_ovfwybj,Gun Control
t1_ovfrtho,DIY Technology
t1_ovfdol9,Emerging Tech
t1_ovfp66x,Humor and Satire
t1_ovff3zk,Gun Control
t1_ovftds9,3D Gun Debate
t1_ovflqj2,Dildo Ban Rumors
t1_ovfhs03,Gun Manufacturing
t1_ovfx9u5,Internet Freedom
t1_ovfokpo,3D Gun Regulation
t1_ovflwek,3D Gun News
t1_ovftlkh,Gun Building
t1_ovfx52j,3D Gun Control
t1_ovg6rol,Ghost Gun Fear
t1_ovfy1al,Gun Regulation
t1_ovg0kkw,Gun Regulations
t1_ovfzupy,Gun Control
t1_ovfhw1m,Micro Plastics
t1_ovfg5tf,Ghost Guns
t1_ovg8toi,Firearm Lobby
t1_ovfe9b7,Gun Ownership
t1_ovgcxd0,AI Regulations
t1_ovgc4or,Luddites History
t1_ovgaxey,Corporate Greed
t1_ovgnbsk,Handmaids Tale
t1_ovew1ni,Car Prices
t1_ovghhxs,Tech History
t1_ovgbghq,Tech History
t1_ovgudl1,Community Building
t1_ovgu5nt,Social Commentary
t1_ovey1az,Tech Criticism
t1_ovfz8sd,Car Prices
t1_ovewfbq,Social Commentary
t1_ovf50dl,Tech Criticism
t1_ovevyub,Car Quality
t1_ovf3ykk,EV pricing
t1_ovevxvo,GM quality control
t1_ovf035p,EV cost
t1_ovewzwp,EV market strategy
t1_ovev23q,Elect vehicle features
t1_ovex3x2,GM pricing
t1_ovev8es,GM quality control
t1_ovf83d7,EV pricing
t1_ovfe3xg,GM product issues
t1_ovevmes,Elect vehicle features
t1_ovfsldd,Electric Car Issues
t1_oveyxmx,Electric Car Dealerships
t1_ovewzu6,Cyber Truck Sales
t1_ovf016p,Electric Truck Prices
t1_ovew9uk,Truck Buyer Motives
t1_ovew537,Chevy Information
t1_ovexhgc,Electric Truck Prices
t1_ovfxa8n,Electric Truck Aesthetics
t1_ovewwpi,Parking Concerns
t1_ovev7hn,Electric Truck Interest
t1_ovezktd,EVS Pricing
t1_ovff6vp,Fleet Vehicles
t1_oveuuu8,US Price
t1_ovexcwg,EVS Price
t1_ovezx3u,Trucking EV
t1_ovfbij5,EVS Demand
t1_ovexn9x,Truck Value
t1_ovf1yfy,EVS Features
t1_ovf8ylr,Dealerships
t1_ovfdnyu,US Brands
t1_ovfev5h,High Truck Price
t1_ovfcicr,High Truck Price
t1_ovfh89b,EV Truck Sales
t1_ovfshmy,EV Truck Price
t1_ovfk0xb,Light Duty EV
t1_ovew6q2,EV Truck Price
t1_ovft19j,Global EV Market
t1_ovewhfy,EV Truck Sales
t1_ovg2eit,EV Truck Price
t1_ovexwgx,EV Truck Review
t1_ovf1k9t,Price Tag Complaint
t1_ovfyid3,Price Tag Complaint
t1_ovevtl8,AI Tech Competition
t1_ovf2gfv,High Price Complaint
t1_ovehtp0,AI Misuse Complaint
t1_ovesj1x,AI Overuse Complaint
t1_ovena4v,AI Work Overload
t1_ovei9ko,Manager Human Touch
t1_ovejm08,AI Overuse Problem
t1_ovehzzi,AI Work Effect
t1_oven91y,AI Misuse
t1_ovfhaan,AI Loop
t1_ovemy9q,AI Misunderstanding
t1_ovfcz56,AI Ban
t1_ovf7oz0,AI Dominance
t1_ovfa051,AI Overuse
t1_ovfry60,AI Slang
t1_ovfzwfl,AI Joke
t1_ovc0txu,Tesla Safety
t1_ovexcbk,AI Communication
t1_ovgiu54,Software Flaw
t1_ovg4s41,Tech Future
t1_ovbzmug,Driver Liability
t1_ovbyf98,Manslaughter Case
t1_ovcjbkv,FSD Fact
t1_ovbxjjk,TSLA Mislead
t1_ovdrbpm,TSLA Mislead
t1_ovfd12l,Tesla Autopilot
t1_ovdsg4c,Clickbait Headline
t1_ovc6fzy,Weird Priorities
t1_ovc3dux,General
t1_ovda7pe,General
t1_ovbyebh,General
t1_ovcjzvb,General
t1_ovdpjhk,General
t1_ovd973z,General
t1_ovc5lnk,General
t1_ovcnqm9,General
t1_ovfa089,General
t1_ovgbd52,General
t1_ovcylfq,FSD Incident
t1_ovbzotr,FSD Investigation
t1_ovdwwoa,FSD Punishment
t1_ovco3qk,FSD Accident Victim
t1_ovc4has,Tesla Safety Concerns
t1_ove6xqw,Tesla Driver Job
t1_ovce855,FSD Naming
t1_ovbzt26,Tesla Autopilot
t1_ovd007q,Elon Musk Defense
t1_ovc7wl2,Hold Elon Responsible
t1_ovc1y4a,FSD Debate
t1_ovcgqr6,Tesla Blame
t1_ovc180w,FSD Safety
t1_ovcaayp,FSD Liability
t1_ovcv622,FSD Deflection
t1_ovgfdfx,Drugs
t1_ovgtpos,Uprising Plans
t1_ovf99ke,None Identified
t1_ovgxxda,AI Wealth
t1_ovgsm65,AI Expectations
t1_ovgtqai,Poverty Metrics
t1_ovf95fw,Elon Critic
t1_ovguknl,Economic Trade
t1_ove7wr9,Trump Interest
t1_ovgwvg3,Millionaire Metric
t1_ove0fx5,Infrastructure
t1_ovgx397,AI Disparity
t1_ovgy43r,AI Bubble Burst
t1_ove32f0,Voting Consequences
t1_ovgvkkj,Trump Economy
t1_ove0wy4,Tax Credits Abuse
t1_ovdyxz3, Politicians Accountability
t1_ovgsb72,Billionaires Wealth
t1_ovgtvx8,AI Bubble Collapse
t1_ovh02g8,Economic Threat
t1_ove0io9,Political Outcomes
t1_ove4wiq,Societal Woes
t1_ovfzfy6,Data Center Impact
t1_ove24oa,Resource Exploitation
t1_ovgvmm1,Wealth Perception
t1_ovgwtku,Politician Accountability
t1_ovg70ao,Artificial Intelligence Regulation
t1_ovgwejy,Wealth Inequality
t1_ovg62c3,American Politics
t1_ovee1tu,American Voting
t1_ovg7t3o,Government Influence
t1_oveqbxs,Democracy Criticism
t1_ovf3x9y,American Voting
t1_ove22mn,Redditor Polls
t1_ove67ni,Government Dependency
t1_ove38i0,Social Injustice
t1_ove10vv,Rebellion
t1_ovfecki,Migration
t1_ove3n6m,Optimism
t1_ove1bdn,Capitalism
t1_oveer5f,Corporate Greed
t1_ovfekog,Voting System
t1_ovei3sc,Rebellion
t1_ovepznj,Regret
t1_ove6rhj,Democracy
t1_ove478f,Data Center Issue
t1_ove44s4,Power Bill Increase
t1_ove453e,Taxation Debate
t1_ove3yby,Draining Wealth
t1_ove7hlx,Economic Injustice
t1_ove563m,Voting Satire
t1_ove7qat,Water Supply Issue
t1_ove9qwg,Political Reaction
t1_ove8nc8,Voter Responsibility
t1_ove8aiy,Taxpayer Waste
t1_ovfyiue,Politics Argument
t1_ovca9sz,Science Fiction
t1_ovcagpu,Social Greeting
t1_ovc9cc2,Science Reference
t1_ovc7pa9,Science Hypothesis
t1_ovchzf3,Science Criticism
t1_ovceq5p,Clickbait Criticism
t1_ovcuvlu,Science Fact Checking
t1_ovedq4z,Positive Reaction
t1_ovch2w6,Scientific Discovery
t1_ovccs6g,Confrontation
t1_ovd5oue,Blob Release
t1_ovea0qf,Trump Politics
t1_ove9t4s,Comment Update
t1_ovceds5,Ork Creation
t1_ovfsz81,Data Centers
t1_oveaawm,Party Detriment
t1_ovcnkry,Fuzzy Logic
t1_ovech00,Land Seizure
t1_ovedqzd,Data Center Policy
t1_ovehdat,Politics Gerrymandering
t1_ovcompu,Gaming Apocalypse
t1_ovenijb,Reddit Content Policy
t1_ovedbl4,Political Debate
t1_ovddjl0,TV Show
t1_ovcm3s0,Good News
t1_ovdkwtr,Book Series
t1_ovcpmhk,Government Replacement
t1_ovcwb57,Science Chernobyl
t1_ovdi6q3,Post Chernobyl Life
t1_oveqh6w,No Topic
t1_ovdlrko,Billionaires
t1_ovfjgq9,Groundwater
t1_ovcqny5,Plant Radia
t1_ovchhvo,Billionaire A
t1_ovfb5vu,Radiotrophy
t1_ovce1c9,Next Topic
t1_ovclgse,Melanin Use
t1_ovdv5hn,Radiation Fe
t1_ovcec8t,Mixed Impression
t1_ovcj2j5,Hardware Spec Release
t1_ovcsneo,Software
t1_ovchqng,Hardware Fault
t1_ovchwup,Dystopian Fiction
t1_ovciv73,Nuclear Energy
t1_ovcu93d,Artificial Intelligence
t1_ovct2sx,Business Leaders
t1_ovd3oeo,Documentary
t1_ovd41ch,Alien Life
t1_ove8eyj,Fungus Survival
t1_ovdby96,Fungus Spec
t1_ovey8ve,Scientific Study
t1_ovdz5ab,Biollante
t1_ovg1aa5,Movie Reference
t1_ovekngo,Body Part Analogy
t1_ovdynd0,Fungus Potential
t1_ovcfzev,Scientific Research
t1_ovcnzpe,Fungus Evolution
t1_ovc987c,Summoning Craig
t1_ovcqxlo,YouTube Link
t1_ovd9c6w,B Horror Movie
t1_ovd0w0i,Spaced Tech Adv
t1_ovf8mmt,Datacenter Scam
t1_ovd8c6j,New Movie
t1_ovfbj0n,Astronomy Event
t1_ovfbmth,Waste Pollution
t1_ovf9hrf,Water Resource
t1_ovfbm9c,Future Tech
t1_ovf9fcj,Human Technology
t1_ovfbugz,Corporate Reform
t1_ovfddkd,AI Energy Source
t1_ovfcg6r,Energy Consumption
t1_ovf91a7,Data Center Power
t1_ovf9bht,Plasma Technology
t1_ovf9nqd,Energy Conversion
t1_ovfq3ck,Green Energy
t1_ovfecb4,Billionaire Motives
t1_ovffdm6,Alternative Energy
t1_ovfdh8i,AI Industry Criticism
t1_ovf98ot,Environmental Concerns
t1_ovfbk7o,Renewable Energy
t1_ovfbkqg,Startup Idea
t1_ovfa4jn,Sustainability
t1_ovfcthz,Fake Startup Ideas
t1_ovfckdu,BS Startup Idea
t1_ovfe2bb,Matrix Concept
t1_ovexgix,Renewable Energy Incentives
t1_ovg2kdu,AI Hype
t1_ovg60j6,Cow Population
t1_ovfey77,Data Center Problems
t1_ovewjbv,Data Center
t1_ovfp8rj,AI Hate
t1_ovfdido,Efficient Coding
t1_ovfiwzx,Data Center
t1_ovg2on3,Home Battery
t1_ovfcjxq,AI Efficiency
t1_ovfkemd,Reduce Data Center
t1_ovfjzqy,Data Center Energy
t1_ovg4xyv,Happy Birthday
t1_ovflx23,Factory Farm
t1_ovg1a3s,E-Waste Policy
t1_ovg432a,Celebrity Achievement
t1_ovfjqzl,Renewable Energy
t1_ovg3czu,Solar Energy
t1_ovf8ti3,Battery Maintenance
t1_ov8nzhh,Social Commentary
t1_ovgm74b,Solar Farm Expansion
t1_ov8oqb5,Social Stigma
t1_ov8nz22,Hate Speech
t1_ov8olwm,Celebrity Criticism
t1_ov8of4y,Celebrity Appearance
t1_ov8pog2,Celebrity
t1_ov8q7yn,Escape Plan
t1_ov8q0lt,Ageing
t1_ovgvzyr,Energy Crises
t1_ovgcx1t,Energy Decentralization
t1_ovgir62,Record
t1_ov8owuh,Economic Bubble
t1_ov8or37,Celebrity
t1_ov8pbk7,Silicon Hills
t1_ov8po8f,Tech Bias
t1_ov8p7ra,Foul Language
t1_ov8x6pq,Tech Culture
t1_ov8zn5m,Ethics Debate
t1_ov8qcka,Newspaper Journalism
t1_ov8pfrl,Foul Language Tech
t1_ov8p84e,Profanity
t1_ov8otz5,Tech Community
t1_ov8yn5q,Foul Language
t1_ov8wwr2,Catholicism
t1_ov8rdgo,Peter Thiel Criticism
t1_ov8q2rg,Peter Thiel Defamation
t1_ov8rzsv,Business Ethics Revival
t1_ov94dir,Modern Society Satire
t1_ov8pfww,Peter Thiel Allegation
t1_ov8t4i4,Peter Thiel Exclusion
t1_ov92yre,Tech Billionaires Criticism
t1_ovabsgw,Peter Thiel Allegation
t1_ov8x3nw,Billionaires vs The Church
t1_ov8smsg,CCP vs Catholicism
t1_ov8ubk7,Religious Controversy
t1_ov8o4b6,Offense Directed
t1_ov8uxpm,Religious Controversy
t1_ov8velr,Tech Figure Drama
t1_ov8wn08,Defamation Claim
t1_ov8tur5,Offense Directed
t1_ova9ntc,Red Scare Concerns
t1_ova9h7m,Communism Fear
t1_ov8q91y,Conspiracy Claims
t1_ovb5yof,Communism Insult
t1_ova0gtx,Communist Cult
t1_ov8qnl8,CCP Politics
t1_ov8u0ir,Beauty Standards
t1_ov90txb,Frankenstein
t1_ovaexj7,AI Crusade
t1_ov9xg8b,Mental Health
t1_ov9zmj8,Mental Health
t1_ov8vg9r,AI Labor
t1_ovag3a0,CCP Politics
