comment ID,Sentiment
t1_ovghs7s,Negative
t1_ovfxxh4,Neutral
t1_ovfu35e,Neutral
t1_ovdadbt,Negative
t1_oveysd5,Negative
t1_ovgimgc,Negative
t1_oveqf91,Negative
t1_ovgn707,Negative
t1_ovdkfry,Negative
t1_ovevlhd,Negative
t1_ovfux9o,Neutral
t1_ovgpxt5,Negative
t1_ovezvll,Negative
t1_ove2mpp,Neutral
t1_ovd08ap,Positive
t1_ovh04q1,Negative
t1_ovetfnr,Negative
t1_ovd2lmu,Positive
t1_ovct0hl,Negative
t1_ovbhjco,Neutral
t1_ovd77qc,Negative
t1_ovezp6k,Negative
t1_ovd878k,Positive
t1_ovbhj8l,Negative
t1_ovd3ecz,Neutral
t1_ovblw67,Negative
t1_oveto4h,Neutral
t1_ovfvbu1,Negative
t1_ovdg1r1,Negative
t1_ovc0fu0,Negative
t1_ovcszo2,Negative
t1_ovf9qyh,Positive
t1_ovbn41v,Negative
t1_ovd98bn,Negative
t1_ovfn66z,Neutral
t1_ovfmw8j,Neutral
t1_ovbfgkg,Positive
t1_ovfltt3,Neutral
t1_ovbze0r,Positive
t1_ovd13ee,Negative
t1_ovfy18v,Neutral
t1_ovbtu04,Negative
t1_ovfgkl1,Negative
t1_ovfp189,Negative
t1_ovd3ewb,Negative
t1_ovbw5l6,Skipped
t1_ovdb3jz,Skipped
t1_ovfvu1s,Skipped
t1_ovbtnk4,Skipped
t1_ovfnhxn,Skipped
t1_ovfo649,Skipped
t1_ovfzoij,Skipped
t1_ovbw6jv,Skipped
t1_ovfr5ik,Skipped
t1_ovc30ux,Skipped
t1_ovdz7wv,Skipped
t1_ovfh9bs,Skipped
t1_ovggr9e,Skipped
t1_ovfre4y,Skipped
t1_ovcmaid,Skipped
t1_ovchhx8,Skipped
t1_ovcxib3,Skipped
t1_ovfm19u,Skipped
t1_ovgerf9,Skipped
t1_ovdjdks,Skipped
t1_ovfuq07,Skipped
t1_ovg3068,Skipped
t1_ovg1s88,Skipped
t1_ovdkkdo,Skipped
t1_ovcvfok,Skipped
t1_ovc0t9z,Skipped
t1_ovfqhq2,Skipped
t1_ovgymhz,Skipped
t1_ovfi409,Skipped
t1_ovg07o0,Skipped
t1_ove07i2,Skipped
t1_ovfz03k,Skipped
t1_ovdiiui,Skipped
t1_ovfply3,Skipped
t1_ovfliqj,Skipped
t1_ovc7abe,Skipped
t1_ovflfd9,Skipped
t1_ovf0tr0,Skipped
t1_ovgo7n6,Skipped
t1_ovctcvr,Skipped
t1_ovfq9s3,Skipped
t1_ovgcemn,Skipped
t1_ovc31bc,Skipped
t1_ovfwdv3,Skipped
t1_ovca7kp,Skipped
t1_ovg23sd,Skipped
t1_ovfpobj,Skipped
t1_ovewu81,Skipped
t1_ovdsol7,Skipped
t1_ovd2fra,Skipped
t1_ovglega,Skipped
t1_ovee26i,Skipped
t1_ovcqwmq,Skipped
t1_overm3n,Skipped
t1_ovfxb08,Skipped
t1_ovcpej9,Skipped
t1_oveuq97,Skipped
t1_ovcpg24,Skipped
t1_ovfmtno,Skipped
t1_oveyszs,Skipped
t1_oveucy7,Skipped
t1_ovdebh6,Skipped
t1_ovg6t3n,Skipped
t1_ovcsuun,Skipped
t1_ove42or,Skipped
t1_ovc5mcp,Skipped
t1_ovg6tno,Skipped
t1_ovd0l3d,Skipped
t1_ovd14n6,Skipped
t1_ovet6wx,Skipped
t1_ovc9ael,Skipped
t1_ovc8mpl,Skipped
t1_ovcx4nr,Skipped
t1_ovcddhd,Skipped
t1_ovcqc1q,Skipped
t1_ovffjb3,Skipped
t1_ovdr0m2,Skipped
t1_ovd5y1r,Skipped
t1_ovciqg7,Skipped
t1_ovcutaa,Skipped
t1_ovcij3b,Skipped
t1_ovcykh5,Skipped
t1_ovcwqgc,Skipped
t1_ovf11qb,Skipped
t1_ovcoulf,Skipped
t1_ovfll5x,Skipped
t1_ovev8hj,Skipped
t1_ovebvnh,Skipped
t1_ovcsxij,Skipped
t1_ovcvfvz,Skipped
t1_ovbtyid,Skipped
t1_ovcx2z4,Skipped
t1_ovevd8d,Skipped
t1_ovc3n9u,Skipped
t1_ovcypmv,Skipped
t1_ovc6ol4,Skipped
t1_oveyndn,Skipped
t1_ovdjxkr,Skipped
t1_ovfrs8v,Skipped
t1_oveuf1m,Skipped
t1_ovfs6em,Skipped
t1_ovf3l36,Skipped
t1_ovfr4l4,Skipped
t1_ovddqle,Skipped
t1_ovd90q0,Skipped
t1_ovdou9v,Skipped
t1_ovdu5q4,Skipped
t1_ovd42pp,Skipped
t1_ovdw5rd,Skipped
t1_ovdxr7a,Skipped
t1_oveaa7t,Skipped
t1_ove23y7,Skipped
t1_ovedjhy,Skipped
t1_ovegexn,Skipped
t1_ovegnq3,Skipped
t1_ovf4m1v,Skipped
t1_ovem4ge,Skipped
t1_ovf3otn,Skipped
t1_ovew5hk,Skipped
t1_ovf1bss,Skipped
t1_ovg9u1w,Skipped
t1_ovgi23o,Skipped
t1_ovfsinw,Skipped
t1_ovfb5m9,Skipped
t1_ovebbaf,Skipped
t1_oveb67s,Skipped
t1_ovec4hc,Skipped
t1_oved19l,Skipped
t1_oved8gu,Skipped
t1_ovecm64,Skipped
t1_oveey18,Skipped
t1_ovedny9,Skipped
t1_oved01o,Skipped
t1_ovee8ov,Skipped
t1_ovembv8,Skipped
t1_ovedgda,Skipped
t1_ovedwsg,Skipped
t1_ovefar5,Skipped
t1_oveepm0,Skipped
t1_ovefaar,Skipped
t1_oveeyen,Skipped
t1_ovefgp5,Skipped
t1_ovej6ve,Skipped
t1_oveq5kk,Skipped
t1_oveqm6g,Skipped
t1_over5zf,Skipped
t1_oveev1a,Skipped
t1_overakm,Skipped
t1_ovf0bgf,Skipped
t1_oves5gu,Skipped
t1_oveeyed,Skipped
t1_ovf707u,Skipped
t1_ovejkgm,Skipped
t1_ovee88v,Skipped
t1_ovfh55d,Skipped
t1_ovehajk,Skipped
t1_overh0c,Skipped
t1_ovekddd,Skipped
t1_ovei2jk,Skipped
t1_ovektez,Skipped
t1_oveoa9p,Skipped
t1_ovep5de,Skipped
t1_ovekn3w,Skipped
t1_ovekvb4,Skipped
t1_oveuhpq,Skipped
t1_ovf3mfh,Skipped
t1_ovf4v8t,Skipped
t1_ovg0kcg,Skipped
t1_ovffhmr,Skipped
t1_ovg8r37,Skipped
t1_ovgceyu,Skipped
t1_ovfilr8,Skipped
t1_ovfbh1y,Skipped
t1_ovg3qvb,Skipped
t1_ovg35vr,Skipped
t1_ovfco8f,Skipped
t1_ovff6od,Skipped
t1_ovfp2h8,Skipped
t1_ovfauq8,Skipped
t1_ovff3n8,Skipped
t1_ovfwybj,Skipped
t1_ovfrtho,Skipped
t1_ovfdol9,Skipped
t1_ovfp66x,Skipped
t1_ovff3zk,Skipped
t1_ovftds9,Skipped
t1_ovflqj2,Skipped
t1_ovfhs03,Skipped
t1_ovfx9u5,Skipped
t1_ovfokpo,Skipped
t1_ovflwek,Skipped
t1_ovftlkh,Skipped
t1_ovfx52j,Skipped
t1_ovg6rol,Skipped
t1_ovfy1al,Skipped
t1_ovg0kkw,Skipped
t1_ovfzupy,Skipped
t1_ovfhw1m,Skipped
t1_ovfg5tf,Skipped
t1_ovg8toi,Skipped
t1_ovfe9b7,Skipped
t1_ovgcxd0,Skipped
t1_ovgc4or,Skipped
t1_ovgaxey,Skipped
t1_ovgnbsk,Skipped
t1_ovew1ni,Skipped
t1_ovghhxs,Skipped
t1_ovgbghq,Skipped
t1_ovgudl1,Skipped
t1_ovgu5nt,Skipped
t1_ovey1az,Skipped
t1_ovfz8sd,Skipped
t1_ovewfbq,Skipped
t1_ovf50dl,Skipped
t1_ovevyub,Skipped
t1_ovf3ykk,Skipped
t1_ovevxvo,Skipped
t1_ovf035p,Skipped
t1_ovewzwp,Skipped
t1_ovev23q,Skipped
t1_ovex3x2,Skipped
t1_ovev8es,Skipped
t1_ovf83d7,Skipped
t1_ovfe3xg,Skipped
t1_ovevmes,Skipped
t1_ovfsldd,Skipped
t1_oveyxmx,Skipped
t1_ovewzu6,Skipped
t1_ovf016p,Skipped
t1_ovew9uk,Skipped
t1_ovew537,Skipped
t1_ovexhgc,Skipped
t1_ovfxa8n,Skipped
t1_ovewwpi,Skipped
t1_ovev7hn,Skipped
t1_ovezktd,Skipped
t1_ovff6vp,Skipped
t1_oveuuu8,Skipped
t1_ovexcwg,Skipped
t1_ovezx3u,Skipped
t1_ovfbij5,Skipped
t1_ovexn9x,Skipped
t1_ovf1yfy,Skipped
t1_ovf8ylr,Skipped
t1_ovfdnyu,Skipped
t1_ovfev5h,Skipped
t1_ovfcicr,Skipped
t1_ovfh89b,Skipped
t1_ovfshmy,Skipped
t1_ovfk0xb,Skipped
t1_ovew6q2,Skipped
t1_ovft19j,Skipped
t1_ovewhfy,Skipped
t1_ovg2eit,Skipped
t1_ovexwgx,Skipped
t1_ovf1k9t,Skipped
t1_ovfyid3,Skipped
t1_ovevtl8,Skipped
t1_ovf2gfv,Skipped
t1_ovehtp0,Skipped
t1_ovesj1x,Skipped
t1_ovena4v,Skipped
t1_ovei9ko,Skipped
t1_ovejm08,Skipped
t1_ovehzzi,Skipped
t1_oven91y,Skipped
t1_ovfhaan,Skipped
t1_ovemy9q,Skipped
t1_ovfcz56,Skipped
t1_ovf7oz0,Skipped
t1_ovfa051,Skipped
t1_ovfry60,Skipped
t1_ovfzwfl,Skipped
t1_ovc0txu,Skipped
t1_ovexcbk,Skipped
t1_ovgiu54,Skipped
t1_ovg4s41,Skipped
t1_ovbzmug,Skipped
t1_ovbyf98,Skipped
t1_ovcjbkv,Skipped
t1_ovbxjjk,Skipped
t1_ovdrbpm,Skipped
t1_ovfd12l,Skipped
t1_ovdsg4c,Skipped
t1_ovc6fzy,Skipped
t1_ovc3dux,Skipped
t1_ovda7pe,Skipped
t1_ovbyebh,Skipped
t1_ovcjzvb,Skipped
t1_ovdpjhk,Skipped
t1_ovd973z,Skipped
t1_ovc5lnk,Skipped
t1_ovcnqm9,Skipped
t1_ovfa089,Skipped
t1_ovgbd52,Skipped
t1_ovcylfq,Skipped
t1_ovbzotr,Skipped
t1_ovdwwoa,Skipped
t1_ovco3qk,Skipped
t1_ovc4has,Skipped
t1_ove6xqw,Skipped
t1_ovce855,Skipped
t1_ovbzt26,Skipped
t1_ovd007q,Skipped
t1_ovc7wl2,Skipped
t1_ovc1y4a,Skipped
t1_ovcgqr6,Skipped
t1_ovc180w,Skipped
t1_ovcaayp,Skipped
t1_ovcv622,Skipped
t1_ovgfdfx,Skipped
t1_ovgtpos,Skipped
t1_ovf99ke,Skipped
t1_ovgxxda,Skipped
t1_ovgsm65,Skipped
t1_ovgtqai,Skipped
t1_ovf95fw,Skipped
t1_ovguknl,Skipped
t1_ove7wr9,Skipped
t1_ovgwvg3,Skipped
t1_ove0fx5,Skipped
t1_ovgx397,Skipped
t1_ovgy43r,Skipped
t1_ove32f0,Skipped
t1_ovgvkkj,Skipped
t1_ove0wy4,Skipped
t1_ovdyxz3,Skipped
t1_ovgsb72,Skipped
t1_ovgtvx8,Skipped
t1_ovh02g8,Skipped
t1_ove0io9,Skipped
t1_ove4wiq,Skipped
t1_ovfzfy6,Skipped
t1_ove24oa,Skipped
t1_ovgvmm1,Skipped
t1_ovgwtku,Skipped
t1_ovg70ao,Skipped
t1_ovgwejy,Skipped
t1_ovg62c3,Skipped
t1_ovee1tu,Skipped
t1_ovg7t3o,Skipped
t1_oveqbxs,Skipped
t1_ovf3x9y,Skipped
t1_ove22mn,Skipped
t1_ove67ni,Skipped
t1_ove38i0,Skipped
t1_ove10vv,Skipped
t1_ovfecki,Skipped
t1_ove3n6m,Skipped
t1_ove1bdn,Skipped
t1_oveer5f,Skipped
t1_ovfekog,Skipped
t1_ovei3sc,Skipped
t1_ovepznj,Skipped
t1_ove6rhj,Skipped
t1_ove478f,Skipped
t1_ove44s4,Skipped
t1_ove453e,Skipped
t1_ove3yby,Skipped
t1_ove7hlx,Skipped
t1_ove563m,Skipped
t1_ove7qat,Skipped
t1_ove9qwg,Skipped
t1_ove8nc8,Skipped
t1_ove8aiy,Skipped
t1_ovfyiue,Skipped
t1_ovca9sz,Skipped
t1_ovcagpu,Skipped
t1_ovc9cc2,Skipped
t1_ovc7pa9,Skipped
t1_ovchzf3,Skipped
t1_ovceq5p,Skipped
t1_ovcuvlu,Skipped
t1_ovedq4z,Skipped
t1_ovch2w6,Skipped
t1_ovccs6g,Skipped
t1_ovd5oue,Skipped
t1_ovea0qf,Skipped
t1_ove9t4s,Skipped
t1_ovceds5,Skipped
t1_ovfsz81,Skipped
t1_oveaawm,Skipped
t1_ovcnkry,Skipped
t1_ovech00,Skipped
t1_ovedqzd,Skipped
t1_ovehdat,Skipped
t1_ovcompu,Skipped
t1_ovenijb,Skipped
t1_ovedbl4,Skipped
t1_ovddjl0,Skipped
t1_ovcm3s0,Skipped
t1_ovdkwtr,Skipped
t1_ovcpmhk,Skipped
t1_ovcwb57,Skipped
t1_ovdi6q3,Skipped
t1_oveqh6w,Skipped
t1_ovdlrko,Skipped
t1_ovfjgq9,Skipped
t1_ovcqny5,Skipped
t1_ovchhvo,Skipped
t1_ovfb5vu,Skipped
t1_ovce1c9,Skipped
t1_ovclgse,Skipped
t1_ovdv5hn,Skipped
t1_ovcec8t,Skipped
t1_ovcj2j5,Skipped
t1_ovcsneo,Skipped
t1_ovchqng,Skipped
t1_ovchwup,Skipped
t1_ovciv73,Skipped
t1_ovcu93d,Skipped
t1_ovct2sx,Skipped
t1_ovd3oeo,Skipped
t1_ovd41ch,Skipped
t1_ove8eyj,Skipped
t1_ovdby96,Skipped
t1_ovey8ve,Skipped
t1_ovdz5ab,Skipped
t1_ovg1aa5,Skipped
t1_ovekngo,Skipped
t1_ovdynd0,Skipped
t1_ovcfzev,Skipped
t1_ovcnzpe,Skipped
t1_ovc987c,Skipped
t1_ovcqxlo,Skipped
t1_ovd9c6w,Skipped
t1_ovd0w0i,Skipped
t1_ovf8mmt,Skipped
t1_ovd8c6j,Skipped
t1_ovfbj0n,Skipped
t1_ovfbmth,Skipped
t1_ovf9hrf,Skipped
t1_ovfbm9c,Skipped
t1_ovf9fcj,Skipped
t1_ovfbugz,Skipped
t1_ovfddkd,Skipped
t1_ovfcg6r,Skipped
t1_ovf91a7,Skipped
t1_ovf9bht,Skipped
t1_ovf9nqd,Skipped
t1_ovfq3ck,Skipped
t1_ovfecb4,Skipped
t1_ovffdm6,Skipped
t1_ovfdh8i,Skipped
t1_ovf98ot,Skipped
t1_ovfbk7o,Skipped
t1_ovfbkqg,Skipped
t1_ovfa4jn,Skipped
t1_ovfcthz,Skipped
t1_ovfckdu,Skipped
t1_ovfe2bb,Skipped
t1_ovexgix,Skipped
t1_ovg2kdu,Skipped
t1_ovg60j6,Skipped
t1_ovfey77,Skipped
t1_ovewjbv,Skipped
t1_ovfp8rj,Skipped
t1_ovfdido,Skipped
t1_ovfiwzx,Skipped
t1_ovg2on3,Skipped
t1_ovfcjxq,Skipped
t1_ovfkemd,Skipped
t1_ovfjzqy,Skipped
t1_ovg4xyv,Skipped
t1_ovflx23,Skipped
t1_ovg1a3s,Skipped
t1_ovg432a,Skipped
t1_ovfjqzl,Skipped
t1_ovg3czu,Skipped
t1_ovf8ti3,Skipped
t1_ov8nzhh,Skipped
t1_ovgm74b,Skipped
t1_ov8oqb5,Skipped
t1_ov8nz22,Skipped
t1_ov8olwm,Skipped
t1_ov8of4y,Skipped
t1_ov8pog2,Skipped
t1_ov8q7yn,Skipped
t1_ov8q0lt,Skipped
t1_ovgvzyr,Skipped
t1_ovgcx1t,Skipped
t1_ovgir62,Skipped
t1_ov8owuh,Skipped
t1_ov8or37,Skipped
t1_ov8pbk7,Skipped
t1_ov8po8f,Skipped
t1_ov8p7ra,Skipped
t1_ov8x6pq,Skipped
t1_ov8zn5m,Skipped
t1_ov8qcka,Skipped
t1_ov8pfrl,Skipped
t1_ov8p84e,Skipped
t1_ov8otz5,Skipped
t1_ov8yn5q,Skipped
t1_ov8wwr2,Skipped
t1_ov8rdgo,Skipped
t1_ov8q2rg,Skipped
t1_ov8rzsv,Skipped
t1_ov94dir,Skipped
t1_ov8pfww,Skipped
t1_ov8t4i4,Skipped
t1_ov92yre,Skipped
t1_ovabsgw,Skipped
t1_ov8x3nw,Skipped
t1_ov8smsg,Skipped
t1_ov8ubk7,Skipped
t1_ov8o4b6,Skipped
t1_ov8uxpm,Skipped
t1_ov8velr,Skipped
t1_ov8wn08,Skipped
t1_ov8tur5,Skipped
t1_ova9ntc,Skipped
t1_ova9h7m,Skipped
t1_ov8q91y,Skipped
t1_ovb5yof,Skipped
t1_ova0gtx,Skipped
t1_ov8qnl8,Skipped
t1_ov8u0ir,Skipped
t1_ov90txb,Skipped
t1_ovaexj7,Skipped
t1_ov9xg8b,Skipped
t1_ov9zmj8,Skipped
t1_ov8vg9r,Skipped
t1_ovag3a0,Skipped
